,Locations
0,Gurgaon
1,New Delhi
2,"New Delhi, India"
3,India
4,Delhi
5,"Mumbai, Delhi, London"
6,"√úT: 18.947445, 72.825078"
7,"A-9, SEC-68 , NOIDA (UP)"
8,"Noida, UP"
9,Noida
10,"Kolkata, West Bengal, India"
11,"Mumbai, India"
12,"First Floor, next to axis bank atm,  1A, Hauz Khas Village, Deer Park,  Hauz Khas, New Delhi,  Delhi 11001"
13,Nagpur/Pune/Mumbai
14,Based in Geneva. Recently ¬†üá≤üá≤¬†üá™üáπ¬†üá∏üá∏¬†üáßüá©
15,‡§Ü‡§®‡§Ç‡§¶‡§µ‡§®
16,"Noida, Uttar Pradesh"
17,Gurgaon India
18,"New Delhi, India "
19,DEL // KTM // MSP // .. // YYZ
20,"Hyderabad, India"
21,Mumbai
22,"Muzaffarpur, Bihar"
23,Bangalore 
24,Hyderabad
25,"Noida, India"
26,Bengaluru / Ranchi
27,Singapore
28,Bangalore
29,NEW DELHI
30,India 
31,"Bengaluru, India"
32,National Capital Region
33,"Chandigarh, India"
34,"Delhi, India"
35,"Gurgaon, Haryana, India"
36,"Bhopal, India"
37,127.0.0.1
38,"Hyderabad, Telangana"
39,"Ohio, US & New Delhi, India"
40,"Bangalore , India"
41,"Nagercoil, Tamil Nadu"
42,‡§Ü‡§™‡§£‡§æ ‡§π‡§∞‡§Ø‡§æ‡§£‡§æ 
43,On stage!
44,"Pune, India"
45,"New Delhi, Delhi-NCR-Mumbai"
46,New Delhi 
47,"Indore, India"
48,Global
49," New Delhi, India"
50,"Gurgaon ,India"
51,"Al Ahmady, Kuwait"
52,Ind
53,‡§ñ‡§º‡•ç‡§Ø‡§æ‡§≤‡•ã‡§Ç ‡§Æ‡•á‡§Ç
54,Qatar
55,"Dallas, TX"
56,GiLL-Ville ‚Ä¢ RUZTY
57,"S√£o Paulo, Brasil"
58,B
59,"Andheri West, Mumbai"
60,"Jalandhar, Punjab"
61,"London, England"
62,London
63,Alok@weekendinvesting.com
64,"New Delhi, Chennai, Sydney"
65,"New Delhi/Maharashtra,India "
66,New Delhi India 
67,Virudhunagar | Bangalore India
68,mumbai
69,"Panipat, India"
70,Kathmandu ‚Ä¢ Bangkok ‚Ä¢ New York
71,Jammu
72,INDIA
73,Planet earth
74,RTs are not Endorsements
75,"Sagarpur, New Delhi"
76,"New Delhi, India // Katihar"
77,#MandirWahinBanega
78, New Delhi
79,"Damoh, India"
80,Intia
81,"Jaipur, India"
82,Bengaluru
83,Toronto
84,"Allahabad, India"
85,"New Delhi, Pune, Raipur, Dmt"
86,"West Bengal, India"
87,‡§≠‡§æ‡§∞‡§§ 
88,New Delhi /Luxembourg 
89,‡§≠‡§æ‡§∞‡§§
90,blueplanet
91,"New York, USA"
92,Jalandhar/Punjab
93,"Kerala, INDIA"
94,"908, 9th Floor, Tower A1, Ansal Corporate Park, Sector 142, Noida"
95,"Mumbai, MAH"
96,"Pune n Yavatmal, India"
97,United Arab Emirates
98,"A-009, SEC-68 , NOIDA"
99,"Cochin, India"
100,"Jamshedpur, India"
101,United Kingdom
102,Delhi/Gurgaon/Noida
103,Kuanwala
104,Mumbai (India)
105,"Shahdara,New Delhi"
106,France
107,Bhubaneswar
108,delhi
109,"Gurgaon, Haryana"
110,Delhi NCR
111,"Kundapur , Karnataka"
112,"Boston, MA"
113,Srinagar
114,Asia Europe USA Africa
115,anxiety .
116,"Gurgaon, India"
117,Chennnai
118,"New Delhi , INDIA"
119,Mithilanchal
120,West Africa
121,DELHI.INDIA.EUROPE.USA.GLOBAL
122,Bengaluru/Mumbai 
123,Everywhere
124,uc
125,‡§∞‡§ò‡•Å‡§ï‡•Å‡§≤
126,Nederland
127,DELHI
128,"Prague, Czech Republic"
129,INDIA i.e. BHARATH -KARNATAKA
130,"Ghaziabad, India"
131,"Mankato, MN"
132,NEW DELHI & PUNJAB
133,"New Delhi, Washington, London,"
134,"‡§∂‡§π‡§°‡•ã‡§≤, ‡§≠‡§æ‡§∞‡§§"
135,pitampura
136,BAM/BBS/NDLS/BCT/SBC/NYC
137,South Asia
138,Ahmedabad
139,Bharat
140,"Mera Bharat, Hindustan, India"
141,Melbourne
142,"Chennai, India"
143,Lucknow 
144,Madrid
145,"Berlin, Germany "
146,Europe
147,Hogwarts se 1st left
148,Mumbai or Muzaffarpur
149,"Palam, New Delhi"
150,Dubai UAE and Mumbai INDIA
151,"Mumbai & Bhopal, India"
152,Deccan
153,"Canada, mostly"
154,"Wallingford, UK"
155,https://www.quora.com/profile/
156,Karnal
157,Canada
158,", "
159,Kochi
160,noida
161,"Bangalore, Karnataka"
162,‡§π‡§ø‡§®‡•ç‡§¶‡•Å‡§∏‡•ç‡§§‡§æ‡§®
163,Earth
164,Bhavnagar
165,Frm Nashik now TeachersVillage
166,"New Delhi, Delhi"
167,N.Delhi
168,Delhi and NCR
169,Bangalore imphal
170,Twitter  
171,"New Delhi & Atlanta, GA"
172,"Andheri (East), Mumbai"
173,Pochinki(Erangel) ‡§Æ‡•á‡§Ç ‡§∞‡§π‡§§‡§æ ‡§π‡•Ç‡§Å
174,"Chicago, IL"
175,"Dharwad, India"
176,New Delhi & Visakhapatnam
177,"Gandhinagar, Gujarat India"
178,Live In New Delhi
179,"New Delhi, Noida"
180,New York
181,India (Gujarat)
182,"The Land of Legends, Bharat"
183,"Deoghar, Jharkhand, India "
184,Bharat. Hindustan
185,Planet Earth
186,Denial
187,"Hyderabad, Telangana, India"
188,‡¥π‡¥∏‡µç‡¥§‡¥ø‡¥®‡¥™‡µÅ‡¥∞‡¥Ç
189,"Mumbai, INDIA"
190,"Patna/Ranchi/Mumbai, "
191,Cloud Cuckoo Land
192,"Bonn, Germany"
193,india
194,BANGALORE
195,Spectral Extant
196,"Jharkhand, India"
197,"Gurgaon , India"
198,I am omnipresent. 
199,"‡§ß‡§®‡•ã‡§∞‡•Ä(‡§ú‡•Ä‡§®‡•ç‡§¶),‡§π‡§∞‡§ø‡§Ø‡§æ‡§£‡§æ(‡§≠‡§æ‡§∞‡§§)"
200,"Haldwani-Kathgodam, India"
201,"Dhaka, Bangladesh"
202,Globe Trotter
203,new delhi
204,"Sultanpur, New Delhi"
205,New delhi
206,Jaipur (India)
207,"Bogot√°, Colombia"
208,"New Delhi ,India"
209,"Bangalore, India"
210,"New Delhi, INDIA"
211,‡§≤‡•ô‡§®‡§ä
212,"New Delhi, India (‡§Æ‡§æ‡§∞‡§µ‡§æ‡•ú‡•Ä¬†‚ô•Ô∏è) "
213,BIHAR
214,"Lucknow, India"
215,Almora-Uttrakhand-Delhi
216,farp
217,Jaipur 
218,‡§∂‡•ç‡§Æ‡§∂‡§æ‡§® ‡§ò‡§æ‡§ü
219,"Ankleshwar, India"
220,"Chennai, India."
221,"595, Budhwar Peth, Pune"
222,"Kaushambi, Ghaziabad"
223,Punjab
224,Chennai
225,Kuwait
226,"India, Delhi"
227,"Dehradun - New Delhi, India"
228,Indian occupied Kashmir
229,"Tilak Nagar, New Delhi"
230,Reality
231,"Jalandhar, India"
232,"Ranchi, jharkhand"
233,nEW dELHI
234,hell
235,New Delhi | Chandigarh
236,"SRI GANGANAGAR,RAJASTHAN"
237,Delhi-Mumbai-Cambridge
238,United States
239,Somewhere between here and there.
240,"Delhi, india"
241,‡ÆÆ‡Æ§‡ØÅ‡Æ∞‡Øà & ‡Æµ‡Æø‡Æ∞‡ØÅ‡Æ§‡ØÅ‡Æ®‡Æï‡Æ∞‡Øç
242,e
243,City of Joy & City of Rallies
244,"Frankfurt on the Main, Germany"
245,"Bengaluru South, India"
246,Uk
247,Location : Suitcase. 
248,Delhi 
249,"Delhi,India"
250,Jamnagar Gujarat
251,NE IND
252,Melbourne & Nagpur
253,New delhi/india
254,"Chandigarh, Gurgaon"
255,"Toronto, Canada"
256,"kolkata,india"
257,"Thane, India"
258,"India ¬†üáÆüá≥, Nether"
259,"Mumbai, Chennai, Bangalore"
260,Odisha
261,"Geneva, Switzerland"
262,Pune
263,Living on Earth
264,Dehradun
265,"New Delhi, India. A Faizabadi"
266,...
267,heaven
268,sector 49 Gurgaon
269,"Kolkata,India"
270,Gurgaon (India)
271,"Guwahati, India"
272,"Dubai, United Arab Emirates"
273,"Abu Road, India"
274,‡§ñ‡§æ‡§£‡•ç‡§°‡§µ‡§™‡•ç‡§∞‡§∏‡•ç‡§•
275,"India,Delhi"
276,In Your Hearts. 
277,New Delhi..india
278,BANGLORE
279,Delhi.
280,Greater Noida
281,DELHI-NCR
282,Mandla MP India
283,"Haryana, India"
284,Delhi / Jorhat
285,"Patna /New Delhi, India"
286,‡§ñ‡§§‡§∞‡•á ‡§Æ‡•á
287,Patna / Kerala /Mumbai /Delhi
288,"Meerut, India"
289,kozhikode
290,"Cuttack ,Odisha"
291,"Nagpur, Maharashtra"
292,NCR
293,"Gujarat, India"
294,"Kalyan,Maharashtra"
295,"Ho Chi Minh, Vietnam"
296,"‡§≠‡•Ç‡§ñ,‡§ó‡§∞‡•Ä‡§¨‡•Ä,‡§¨‡•á‡§∞‡•ã‡§ú‡§ó‡§æ‡§∞‡•Ä,‡§Ö‡§∂‡§ø‡§ï‡•ç‡§∑‡§æ..."
297,"New Delhi, India,"
298,Not in your Gaushala
299,ahmedabad
300,"Gorakhpur, India"
301,Naxalbari West Bengal
302,Mumbai / Gadag
303,YAMUNA NAGAR....
304,‡§á‡§∏‡•Ä ‡§¶‡•Å‡§®‡§ø‡§Ø‡§æ ‡§Æ‡•á‡§Ç‡•§
305,Shajapur 
306,"Mumbai,India"
307,‡§ñ‡§º‡•Å‡§¶ ‡§ï‡•ã ‡§ï‡•à‡§≤‡§æ‡§∂ ‡§õ‡•ã‡§°‡§º ‡§Ü‡§Ø‡§æ ‡§π‡•Ç‡§Å
308,Bhopal (M.p.) India
309,Aryavart
310,CANCUN
311,"‡§≤‡§ñ‡§®‡§ä, ‡§≠‡§æ‡§∞‡§§"
312,"‡§®‡§à ‡§¶‡§ø‡§≤‡•ç‡§≤‡•Ä, ‡§≠‡§æ‡§∞‡§§"
313,"Pimpri-Chinchwad, Pune, India"
314,"Amroha, India"
315,"Ranchi, India"
316,Shambhala
317,"Shirpur, Maharashtra,India"
318,Tombaugh Regio
319,"New Delhi, "
320,"New Delhi , India"
321,Kashmir 
322,"Salem, Tamil Nadu"
323,"Blue Earth, Solar System"
324,Bhopal
325,Bombay
326,U.P.  INDIA 
327,In the lotus Feets of Narayana
328,"Pali, India"
329,‡§π‡§ø‡§Ç‡§¶‡•Å‡§∏‡•ç‡§§‡§æ‡§®
330,‡∞¨‡±Ü‡∞Ç‡∞ó‡∞≥‡±Ç‡∞∞‡±Å
331,"Mohali, Punjab, India"
332,"kolkata,Delhi,Mumbai,Haryana"
333,North America
334,"NH-1, Sec-3, Vaishali, GZB"
335,"Jabalpur, India"
336,Thoyandou
337,Aryavarta ‡§Ü‡§∞‡•ç‡§Ø‡§æ‡§µ‡§∞‡•ç‡§§
338,"tamil nadu,tiruppur"
339,In your mind
340,Depression
341,"JNU, Delhi"
342,Fallin in bed 
343,ghaziabad
344,"Tamil Nadu, India"
345,Delhi (INDIA)
346,apne ghar me
347,(Nsp) Mp
348,INDIA 
349,Near By
350,New Delhi (India)
351,last Bench (Right corner)
352,"26.872366,81.02417"
353,"INDIA (Azamgarh,Vns,New Delhi)"
354,or 1
355,Nagpur
356,‡§Ü‡§ï‡§æ‡§Ç‡§ï‡•ç‡§∑‡§æ‡§ì‡§Ç ‡§ï‡•á ‡§¨‡§ø‡§Ø‡§æ‡§¨‡§æ‡§® ‡§Æ‡•á‡§Ç...
357,hyderabad
358,"‡§Ö‡§Ø‡•ã‡§ß‡•ç‡§Ø‡§æ, ‡§≠‡§æ‡§∞‡§§ (Ayodhya, India)"
359,On the way to Utopia
360,SW19
361,New Delhi. INDIA
362,"Kolkata, India"
363,"Saharanpur, India"
364,"South Mumbai,India"
365,Barcelona / Vegas / Kyiv
366,Timbaktu
367,Republic of Mozambique
368,"New Delhi/Assam, India"
369,"Research Scholar at MITS Gwalior, Madhya Pradesh"
370,"Washington, DC"
371,"New Delhi,India"
372,"‡§ö‡•á‡§®‡•ç‡§®‡§à / ‡§Æ‡§æ‡§£‡§ø‡§ï‡§®‡§ó‡§∞, ‡§¨‡•Ä‡§¶‡§∞"
373,"Biaora Madhya Pradesh, India"
374,"karnal, India"
375,i
376,12229-12230
377,"Bellary, India"
378,front of you 
379,"Bengaluru, Karnataka"
380,Stark tower
381,‡§Ö‡§Ç‡§§‡§∞‡§ø‡§ï‡•ç‡§∑ ‡§Æ‡•á‡§Ç ‡§ï‡§π‡•Ä‡§Ç ‡§¶‡•Ç‡§∞ ....
382,"new delhi,india "
383,"Ahmadabad City, India"
384,‡§≠‡§æ‡§∞‡§§‡§µ‡§∞‡•ç‡§∑ 
385,"Dehradun, India"
386,Bangalore Ke Traffic me.
387,‡§≤‡§ñ‡§®‡§ä India
388,Patna
389,"Navsari, Gujarat"
390,the milky way
391,"New Delhi & Gurugram, India"
392,‡§Ü‡§ï‡§æ‡§∂‡§ó‡§Å‡§ó‡§æ
393,lic
394,Delhi-NCR
395,"Odisha, India"
396,"Delhi/NCR, INDIA"
397,country of Bhakts
398,Milky Way
399,"Rishikesh, India"
400,"Houston, TX / New Delhi, India"
401,"New Delhi/Uttar Pradesh, India"
402,"Gurgaon, India "
403,Somewhere Riding
404,"Delhi, Guwahati, Shillong"
405,"15 Yemen Road, Yemen."
406,USA / INDIA
407,Where there is network.
408,india hyderabad 
409,"Puri,Odisha, India"
410,"28.7041¬∞ N, 77.1025¬∞ E"
411,"Bhagalpur, India"
412,NCR/Lucknow
413,Pakistan
414,"LONDON, ENGLAND"
415, New delhi
416,Noida - New Delhi
417,JNU chatrawas
418,Gaipajama
419,"Chhattisgarh, India"
420,"Uttar Pradesh, India"
421,BBC News
422,"Kathmandu, Nepal"
423,Delhi - kashm
424,Delhi - Allahabad - Delhi
425,KUWAIT
426,"√úT: 28.530113,77.147727"
427,bangalore
428,"Greater Noida, India"
429,Delhi / Chennai / Virudhunagar
430,Nidavellir 
431,india 
432,u An
433,Pune 
434, Gas Chamber
435,chai k
436,Kolkata¬†üáÆüá≥ and
437,"Union Territory of J&K, INDIA"
438,SHIMLA
439,New Delhi/Hyderabad/Odisha 
440," ‡§Ø‡§µ‡§§‡§Æ‡§æ‡§≤ ‡§Æ‡§π‡§æ‡§∞‡§æ‡§∑‡•ç‡§ü‡•ç‡§∞, ‡§≠‡§æ‡§∞‡§§"
441, DILLI SE HOON BEH
442,"Delhi, NCR"
443,DefCol Delhi-Bilaspur-India
444,India Today Mediaplex
445,Ara Bihar
446, India
447,"Chennai, Tamil Nadu"
448,space
449,Pluto
450,"Kerala, India"
451,India¬†üáÆüá≥ Japan¬†üáØüáµ 
452,"Adarsh Nagar, New Delhi"
453,India.
454,Ahmadabad/New Delhi
455,Ajmer
456,Bengaluru / Pune
457,‡§∏‡§æ‡§∞‡•á ‡§ú‡§π‡§æ‡§Å ‡§∏‡•á ‡§Ö‡§ö‡•ç‡§õ‡§æ....
458,New Delhi  (India)
459,Pithoragarh¬†‚ÜóÔ∏èDdun¬†‚ÜòÔ∏è Ahmedabad
460,"Varanasi, India"
461,aurangabad (bihar)
462,‡§Ü‡§™‡§ï‡•á ‡§∏‡§æ‡§•
463,yach
464,‡§Ü‡§∞‡•ç‡§Ø‡§æ‡§µ‡§∞‡•ç‡§§‡•ç‡§§ 
465,Delhi- 
466,Delhi -34
467,"Jaipur ,Rajasthan ,India"
468,"Bengaluru, INDIA"
469,variable
470,"Bhopal, New Delhi, India "
471,"‡§ú‡§¨‡§≤‡§™‡•Å‡§∞, ‡§≠‡§æ‡§∞‡§§"
472,"Brampton, Ontario"
473,"Chandni Chowk, New Delhi"
474,Space
475,Yahi hoon Aap logo ke Sath 
476,Kandagjat
477,unknown
478,"Jhagadia, India"
479,korba
480,"Karnal , haryana"
481,Lucknow uttar Pardesh
482,Chandigarh
483,Jaipur
484,uttrakhand
485,Ganaur
486,City of Angels
487,"‡§â‡§§‡•ç‡§§‡§∞ ‡§™‡•ç‡§∞‡§¶‡•á‡§∂, ‡§≠‡§æ‡§∞‡§§"
488,Jaipur/delhi/Dubai 
489,Mumbai/New Delhi
490,dubai
491,"Bhilwara, Rajasthan"
492,Here
493,"‡§¨‡•Å‡§Ç‡§¶‡•Ä, ‡§≠‡§æ‡§∞‡§§"
494,Delhi/NCR
495,Noida Uttar pradesh India
496,"Gwalior, India"
497,"Mumbai,Maharashtra,India"
498,Una himachal pradesh7696020505
499,"Frankfurt, Hessen"
500,‡§π‡§ø‡§®‡•ç‡§¶‡•Ç ‡§∞‡§æ‡§∑‡•ç‡§ü‡•ç‡§∞
501,"Bhiwandi, India"
502,Ponjekar in Bengaluru
503,"Essel Studio, FC-19, Sector 16"
504,"⁄©ÿ±ÿß⁄Ü€å, Ÿæÿß⁄©ÿ≥ÿ™ÿßŸÜ"
505,"Anand Vihar, New Delhi"
506,Jaehwan's hands
507,‡§Ü‡§∞‡•ç‡§Ø‡§æ‡§µ‡§∞‡•ç‡§§/‡§π‡§ø‡§Ç‡§¶‡•Å‡§∏‡•ç‡§§‡§æ‡§®
508,Uttarakhand-Delhi
509,"Kaun Jaye Zauq, par Dilli ki.."
510,BHAR
511,"Coimbatore, India"
512,New Delhi - Nainital
513,Present 
514,Vantage Point
515,"Pink City, India"
516,Under My Umbrella
517,Kolkata
518,Dubai. United Arab Emirates
519,"Faridabad, India"
520,"Ayodhya, India"
521,"Lahore, Pakistan"
522,New delhi (india)
523,"Delhi NCR, India"
524,New Delhi / Chandigarh
525,India ¬†üîÉ ‡§≠‡§æ‡§∞‡§§
526,Hell aka Narak
527,Whoisreadytolisten you tube
528,"Unfortunately, Earth."
529,"Pune, Maharashtra, India"
530,"New Delhi , Kolkata"
531,Amritsar
532,.Asia. ¬†üåç Earth 
533,"Phursungi, Pune, Maharashtra"
534,Worldwide
535,"Sector 49, Gurugram, Haryana "
536,Delhi. Heart in Chandigarh
537,"Gurugram, India "
538,India #Delhincr
539,Ghaziabad
540,"Vasai, Maharashtra, India"
541,Made In India
542,sonepat Haryana
543,"B-35 Sector 67 Noida, U.P. India 201301"
544,"Ghaziabad, New Delhi, India"
545,"East Godavari , Tuni"
546,Guwahati | New Delhi
547,winning h
548,"Aurangabad (Bihar), India"
549,"With Congress, With India "
550,"kalkaji extn, delhi"
551,"San Jose, USA"
552,"Delhi, Chandigarh, Melbourne"
553,"Malad and Andheri, Mumbai"
554,‡§™‡•Å‡§£‡•ç‡§Ø ‡§≠‡•Ç‡§Æ‡§ø ‡§≠‡§æ‡§∞‡§§.India 
555,"Saltlake City , Kolkata"
556,"‡§ï‡§æ‡§®‡§™‡•Å‡§∞, Gurgaon, ‡™µ‡™°‡´ã‡™¶‡™∞‡™æ"
557,"new delhi, mumbai"
558,"earthling, last I checked"
559,Bhubaneswar/Orissa
560,"Atlanta, GA"
561,"Noida, Uttar Pradesh India"
562,"Silchar, Assam"
563,‡§¶‡§ø‡§≤‡•ç‡§≤‡•Ä ‡§∏‡•á ‡§π‡•Ç‡§Å BC 
564,"Khandwa, India"
565,‡§π‡§ø‡§Ç‡§¶‡•Å‡§∏‡•ç‡§§‡§æ‡§® Hindustan
566,India ‡§≠‡§æ‡§∞‡§§
567,kapurthala Punjab India
568,Hindu
569,Old Cat House 
570,Mayur vihar 1
571,"New Delhi, India, India"
572,"Noida, India "
573,Vampire's World
574,"‡§≠‡§æ‡§∞‡§§,‡§¶‡§ø‡§≤‡•ç‡§≤‡•Ä,‡§∞‡§æ‡§Ø‡§¨‡§∞‡•á‡§≤‡•Ä"
575,New Delhi India
576,Earth 
577,‡§≠‡§æ‡§∞‡§§ My Heart 
578,Lucknow
579,GirlFriend se Dur...
580,"Janak Puri, New Delhi 58"
581,India-occupied Subcontinent
582,Aligarh
583,‡§®‡§∞‡•á‡§Ç‡§¶‡•ç‡§∞ ‡§Æ‡•ã‡§¶‡•Ä ‡§ï‡•á ‡§≠‡§æ‡§∞‡§§ ‡§Æ‡•á‡§Ç !!
584,"Srinagar, India"
585,"Nalanda, Bihar, India"
586,wonderland
587,"Delhi, India Ghaziabad, UP"
588,ashokaushal@gmail.com
589,"Visakhapatnam, India"
590,"Gandhinagar, India"
591,Sonpur Bihar 
592,‡§Ö‡§Ç‡§ß‡•á‡§∞‡•Ä ‡§ó‡•Å‡§´‡§æ
593,"Patna, India"
594,delhi 
595,"Indore, MP from Puri Odisha"
596,"Bihar, Kolkata, Delhi,Gurgaon"
597,Goa
598,New York /Haliyal
599,Thane 
600,"new delhi, india"
601,World
602,Italy
603,"Delhi, Noida, lucknow"
604,allahabad/ Delhi
605,Indore
606,"New Delhi, India/Aizawl"
607,Chittorgarh
608,"new delhi, India"
609,Chandigarh/Srinagar
610,‡§†‡•á‡§ï‡§æ
611,"Ansari Nagar, New Delhi"
612,"721152, India"
613,"Kundapura, Bengaluru"
614,"Rajasthan, India"
615,NOIDA
616,India-‡§≠‡§æ‡§∞‡§§ ‡§ï‡•á ‡§¨‡•Ä‡§ö ‡§´‡§Ç‡§∏‡§æ ‡§è‡§ï ‡§Ü‡§¶‡§Æ‡•Ä
617,Delhi / Gwalior / Morena
618,Location services off
619,"Sirsi/Bengaluru,India."
620,"Darbhanga, India"
621,UttaraPrachand 
622,Gas Chamber
623,Delhi/Pune
624,"38.4161¬∞ S, 63.6167¬∞ W"
625,Right Behind You....
626,Kottayam
627,Delhi / Melbourne 
628,Republic of India
629,"Mumbai, Maharashtra"
630,Looking For Immigration 
631,"patna,Bihar"
632,Between grit and grace.
633,Ghaziabad (U.P) India
634,Indore ¬†‚û°Ô∏è Delhi 
635,tamilnadu
636,Noida India
637,6' 3 Wind in my hair! Delhi
638,"NEW DELHI, INDIA."
639,"‡§π‡§æ‡§™‡•Å‡§°/‡§ï‡§æ‡§®‡§™‡•Å‡§∞, ‡§≠‡§æ‡§∞‡§§"
640,Why
641,Islamabad
642,MSM Institute of Ayurveda
643,Rivia.
644,dishwasher
645,"Bhubaneshwar, India"
646,Milkyway
647,"Udaipur, India"
648,Jamshoro Sindh. Pakistan.
649,RoeselareKikwit glo
650,"Ann Arbor, MI"
651, India 
652,"Bengaluru & Kerala, India"
653,Edinburgh
654,"Rajkot,Gujarat, India"
655,Prague
656,World's Largest Democracy 
657,‡§≤‡§ñ‡§®‡§ä ‡§â.‡§™‡•ç‡§∞.
658,Purnea | New Delhi
659,‡§ó‡•Å‡§ú‡§∞‡§æ‡§§ ‡§∏‡•á ‡§π‡•Å ‡§™‡§∞ ‡§ó‡§æ‡§Ç‡§ß‡•Ä ‡§®‡§π‡•Ä
660,"‡§ó‡•Å‡§°‡§º‡§ó‡§æ‡§Ç‡§µ, ‡§≠‡§æ‡§∞‡§§"
661,DiL sE DiL tAk
662, ‡¶Ö‡¶∏‡¶Æ ‡¶≠‡¶æ‡ß∞‡¶§
663,"Shahdara, New Delhi"
664,Indian
665,Delhi and Dubai
666,^.^===-~
667,Paris
668,‡§µ‡§∏‡•Å‡§ß‡•à‡§µ ‡§ï‡•Å‡§ü‡•Å‡§Æ‡•ç‡§¨‡§ï‡§Æ‡•ç
669,"‡§Æ‡•Å‡§∞‡§æ‡§¶‡§æ‡§¨‡§æ‡§¶, ‡§≤‡§ñ‡§®‡§ä, ‡§¶‡§ø‡§≤‡•ç‡§≤‡•Ä"
670,pandatarai distkabeerdham
671,Everywhere 
672,#BananaRepublic #AltNation 
673,Delhi India
674,Aukaat
675,"Bangalore,India"
676,"Maharashtra, India"
677,Tumchi Mumbai 
678,Aapke Dil Me
679,"Agra, India"
680,Euregio Maas-Rijn
681,"Dondi lohara, Chhattisgadh "
682,‡§≠‡§æ‡§∞‡§§ ‡§Æ‡§æ‡§§‡§æ ‡§ï‡•Ä ‡§ú‡§Ø
683,Delhi Bjp Head Office 
684,Heart
685,OPD/OT
686,AbuDhabi / Kotagiri
687,"‡§ó‡•ã‡§∞‡§ñ‡§™‡•Å‡§∞, ‡§≤‡§ñ‡§®‡§ä"
688,Delhi/ Bengaluru
689,"Mathura, India"
690,"Delhi, Indore"
691,n
692,"Assam, India"
693,Himachal/ Chandigarh/ India
694,"Amloh, India"
695,"Bettiah, Bihar, India"
696,Heart - Assam l Mind-New Delhi
697,Between life & a better life 
698,don't search 
699,God's own country
700,"Delhi & Gurugram, India"
701,‡§ä‡§§‡•ç‡§∞‡§æ‡§ñ‡§£‡•ç‡§°
702,"Rayagada, India"
703,"chattisgarh, India"
704,Trichy
705,"Pune/Orange City, India"
706,Heart Of HIND
707,‡§µ‡§ø‡§Ç‡§ß‡•ç‡§Ø ‡§ï‡•ç‡§∑‡•á‡§§‡•ç‡§∞ MP Lalitpur UP
708,Faridabad
709,World Wide Web
710,WWW
711,"Kanpur, India"
712,"Bengaluru,Bharat "
713,Vadodara
714,"20.5937¬∞ N, 78.9629¬∞ E"
715,Anantapur & Bengaluru
716,Minneapolis (Minnesota)  - USA
717,"‡§ó‡•ã‡§∞‡§ñ‡§™‡•Å‡§∞ , ‡§â‡§§‡•ç‡§§‡§∞ ‡§™‡•ç‡§∞‡§¶‡•á‡§∂"
718,Nowhere
719,DARBHANGA
720,"Indore,India"
721,"Ahmedabad, Gujarat"
722,"New Delhi, india"
723,"Trivandrum, India"
724,"Karnal, India"
725,Does not Matter you
726,"Deoria, Uttar Pradesh"
727,"P.O. NAYASARAI , P.S. MOGRA , "
728,Jingostan
729,DELHI 
730,"Pune, Maharashtra india"
731,"Haryana/Uttarakhand, India"
732,jaipur
733,in your face 
734,New Delhi & Gwalior
735,‡§≠‡•ã‡§™‡§æ‡§≤
736,Part Unknown
737,"Hyderabad,India"
738,Naga-Land
739,"DELHI,INDIA"
740,Twitter
741,Near The Event Horizon
742,Blue Planet
743,Jupiter
744,Lucknow UP India
745,"Warangal, India"
746,Somewhere far
747,earth
748,"Bhubaneswar, Odisha "
749,warangal  telangana 
750," (UP60)  New Delhi, India"
751,hills
752,"Indira Puram, Ghaziabad"
753,Mumbai and  Rajasthan
754,"Mancherial, Telangana"
755,Silvassa
756,"Lucknow, U.P., INDIA"
757,Tokyo. Delhi. Paris.
758,Germany
759,"Bhopal, Bharat "
760,Vrindavan and Al
761,"Amritsar, India"
762,Mars
763,Muzaffarpur patna bihar
764,Jammu & Kashmir(UT)/Delhi
765,"Mansa, Punjab"
766,Surat gujrat
767,South Africa
768,"NEW DELHI, INDIA"
769,"Santacruz East, Mumbai"
770,Bombay-Bangalore-New Delhi
771,BHARAT
772,Vapi India
773,"‡§á‡§Ç‡§¶‡•å‡§∞,‡§Æ‡§ß‡•ç‡§Ø‡§™‡•ç‡§∞‡§¶‡•á‡§∂"
774,"India, New Delhi"
775,"Ahmedabad, India"
776,Agra Delhi
777,SSN Marg Chatterpur Delhi -74
778,"delhi ,india"
779,"Chandauli, Uttar Pradesh"
780,THE VIRAT KOHLI
781,Mumbai/indore
782,UK
783,‡§®‡§à ‡§¶‡§ø‡§≤‡•ç‡§≤‡•Ä
784,‡§≠‡§æ‡§°‡§º ‡§Æ‡•á‡§Ç 
785,"Moradabad, India"
786,Japan
787,Statue Of Unity 
788,pune
789,Vaishali ghaziabad
790,una himachal pardash
791,‡§Ø‡§π‡•Ä‡§Ç ‡§∏‡•á ‡§π‡•Ç‡§Ç‡•§
792,New Delhi.. Pratapgarh UP
793,The Upside Down
794,Subedari
795,Baku
796,mogambo city
797,"kolkata,India"
798,NOIDA ( INDIA)
799,India ¬†‚úàÔ∏è Delhi
800,"Navi Mumbai, India"
801,"Gulmarg, Jammu And Kashmir"
802,Sriganganagar
803,shahjahanpur
804,Gorakhpur
805,The Little prince's planet
806,.
807,"Ambedkarnagar, UP, INDIA"
808,sea 
809,Railways Station ke Kinare
810,Patna - Buxar - Kashi - Dilli
811,Arab
812,"Bhubneshwar, IN"
813,New Delhi. India
814,Asgard
815,‡®§‡©Å ‡®™‡©Å‡©±‡®õ ‡®ï‡©á ‡®Ö‡©∞‡®¨ ‡®≤‡©á‡®®‡©á??
816,Last Bench
817,Khayalon ki dunia me
818,‡§¨‡§ø‡§π‡§æ‡§∞
819,Jis Taraf Hai
820,gurgaon 
821,Winterfell
822,"Modinagar, India"
823,"bhiwani, Haryana, India"
824,VADODARA
825,‡§Ø‡§π ‡§¶‡•Å‡§®‡§ø‡§Ø‡§æ
826,"Khapura,Paliganj,Patna,India"
827,mumbai india
828,‡§∏‡§∞‡§¶‡§æ‡§∞‡§∂‡§π‡§∞ / ‡§ú‡§Ø‡§™‡•Å‡§∞ (‡§≠‡§æ‡§∞‡§§)
829,"Earth,India "
830,Paradise City
831,#Delhi #Calcutta #London
832,Bharat (India)
833,New Delhi: India
834,"Goa, India"
835,Coimbatore TamilNadu  INDIA 
836,"New Delhi, Delhi, India"
837,Mira Road
838,Sector 7 Near Film City Noida 
839,Bihar
840,‡¥á‡¥µ‡¥ø‡¥ü‡µÜ
841,Nomad
842,‡§®‡§à ‡§¶‡§ø‡§≤‡•ç‡§≤‡•Ä-‡§π‡§∞‡§ø‡§Ø‡§æ‡§£‡§æ ‡§≠‡§æ‡§∞‡§§
843,Patna ¬†‚Ü™ Greater Noida ¬†‚Ü™ Patna
844,"Vaishali Const. Muz Pur, India"
845,"#‡§®‡•ã‡§è‡§°‡§æ, ‡§≠‡§æ‡§∞‡§§"
846,PUNE
847,Planet of Love
848,"UP, India"
849,Andromeda Galaxy
850,All Over the World
851,"Dwarka, New Delhi"
852,kanpur
853,"Bhubaneswar, India"
854,New Delhi/Ayodhya-Fa
855,Team India
856,Delhiite but dint vote Aap  
857,"‡§¶‡§ø‡§≤‡•ç‡§≤‡•Ä patna, India"
858,Sky or Skype
859,"Mulund West, Mumbai"
860,"Nai Dilli, Bharata"
861,Hidden Crevasses of Your Being
862,Noida / Delhi
863,"Vasant Kunj, New Delhi"
864,"Ludhiana, India"
865,"‡§¨‡§ø‡§π‡§æ‡§∞, DELHI ,India "
866,55 km away from PM House 
867,Bihar..
868,Bumbai
869,"katni, India"
870,Tatooine
871,"Delhi, Ludhiana."
872,‡§∏‡•ã‡§´‡•á ‡§™‡§∞ ‡§∏‡•ã ‡§∞‡§π‡§æ ‡§π‡•Ç
873,‡§∏‡§¶‡§Æ‡•á
874,"East of Kailash, New Delhi "
875,somewhere in the oblivion
876,Delhi | Ayodhya 
877,KURUKSHETRA
878,Rated: 'U/A'
879,Corridor of Uncertainty 
880,Siliguri
881,Indraprastha 
882,Gurugram
883,My ER Has No Windows
884,‡§™‡•ç‡§∞‡§Ø‡§æ‡§ó‡§∞‡§æ‡§ú / ‡§≠‡§æ‡§ó‡•ç‡§Ø‡§®‡§ó‡§∞ ( ‡§≠‡§æ‡§∞‡§§ )
885,"Nagpur, India"
886,"Alwar, India"
887,Mumbai 
888,Vasind 
889,lucknow
890,Vienna (Austria)
891,Alive...Rooted in Asia #India
892,Hindustan
893,Giridih - Ranchi
894,"Gandhinagar, Gujarat, INDIA"
895,"Kentucky, USA"
896,"Dhulsiras, Delhi, India"
897,On Twitter Every
898,‡§ú‡•Ä‡§∞‡§æ‡§¶‡•á‡§à ‡§≠‡§æ‡§∞‡§§ ‡§ï‡•á 1 ‡§∞‡§æ‡§∑‡•ç‡§ü‡•ç‡§∞‡§™‡§§‡§ø
899,Darbhanga The heart of Mithila
900,"Pashchim Muzaffarpur, India"
901,The Mystery Machine
902,"Khaplu Siachen , Islamabad"
903,Searching Gps
904,New delhi India
905,"Bayern, Deutschland"
906,Singapore/ India
907,Somewhere on Earth
908,rohtak
909,New Delhi/ Kanpur/ Lucknow
910,"Dalhousie, India"
911,Gurugram Haryana
912,Biaora (Rajgarh) MP
913,chennai
914,Sangrur(Punjab)
915," Prayagraj Uttar Pradesh,India"
916,In your head
917,Pale Blue Dot
918,"Ahmedabad City, Gujarat"
919,"703, Cosmos Plaza, Mumbai, India"
920,New Delhi/West Bengal
921,Patna - New Delhi - Bangalore
922,from bed
923,"Andaman And Nicobar, India"
924,Sub Capital Of Jharkhand 
925,Noida/ Ghaziabad/ Delhi
926,"PANNA, MADHYA PRADESH"
927,Taara Zameen Par
928,Sydney 
929,"Pune, India Mumbai"
930,314406
931,New Delhi / Kashmir 
932,Raipur
933,"San Laurange, LND"
934,tehga
935,‡§Æ‡§Ç‡§ó‡§≤
936,Spephologist & Poll Strategist
937,Kailash Mansarovar
938,Maximum City
939,"Ghaziabad, india"
940," Rajasthan, India"
941,India/London
942,UP¬†üò≠ Gaaye-Gobar Mandir-Masjid
943, 
944,"Guwahati, Sibsagar"
945,Rajasthan
946,"Durg, Chhattisgarh (India) "
947,MUMBAI
948,Rewa
949,D√©j√† Vu
950,Ambedkar nagar ( U.P.)
951,Oxford
952,"Lucknow, Delhi"
953,"Toronto, Ontario"
954,Hyderabad / New Delhi
955,‡§Ö‡§Ç‡§ß‡•á‡§∞‡§®‡§ó‡§∞‡•Ä
956,Tanhai me
957,Banglore
958,"lucknow,india"
959,‡§ï‡§≤‡§ï‡§§‡•ç‡§§‡§æ
960,Delhi/Mumbai/Kolkata
961,"New Delhi,Saket"
962,"Chandigarh, North India"
963,"Kuopio, Finland"
964,Out of Town
965,WGS 84 / UTM zone 44N 
966,Khandwa-Bhopal
967,"Right Here, Right Now "
968,"Kushinagar,  Gorakhpur "
969,"Delhi, B'lore, Nagpur, Calicut"
970,Gandhinagar
971,"Ahmedabad/Mumbai, ‡§≠‡§æ‡§∞‡§§."
972,India Bharat
973,New Delhi/ Gurgoan
974,"Madanpura, Mumbai"
975,Timeline
976,‡§π‡•á ‡§µ‡§ø‡§∂‡•ç‡§µ‡§ö‡§ø ‡§Ü‡§Æ‡•Å‡§ö‡•á ‡§ò‡§∞
977,"Vijayawada, Andhrapradesh"
978,"Kotdwar, India"
979,Gorakhpur(up)...India
980,‡Æµ‡Øá‡Æ§‡Ææ‡Æ∞‡Æ£‡Øç‡ÆØ‡ÆÆ‡Øç
981,Janha tu bole
982,Delhi NCR/Mumbai/UP/Gujarat
983,NSIC Complex Okhla Phase III 
984,New Delhi - Bihar
985,KHAMHARIYA/PATAN/DURG/RAIPUR/
986,Galaxy
987,Bihar 
988,"new Delhi, India "
989,Germany / India
990,"Ahmedabad,India"
991,out of your reach
992,"Delhi, London, San Francisco"
993,¬∂¬∂ 
994,Silence
995,Trivandrum
996,"Andrews Ganj, New Delhi"
997,Delhi/ NCR
998,IMDB List & Prithvi
999,"noida, India"
1000,https://mastodon.social/@ganesh_sabari
1001,"Indore , India"
1002,Rural India
1003,Gurgaon-Mumbai
1004,Asia Pacific
1005,Delhi/Noida 
1006,"Prayagraj, India"
1007,in the box
1008,chandigarh
1009,In My Passion.
1010,‡§™‡•É‡§•‡•ç‡§µ‡•Ä 
1011,"New Delhi, Globetrotter"
1012,"Mandi, India "
1013,Catch Me If You
1014,ClubSe
1015,Andromeda¬∞œÄ
1016,Hilum 
1017,Chandigarh 
1018,"KARNAL (HARYANA) , INDIA"
1019,Kozhikode
1020,Delhi and across Gujarat
1021,Bharat 
1022,‡§Ö‡§Ø‡•ã‡§ß‡•ç‡§Ø‡§æ ‡§¶‡§ø‡§≤‡•ç‡§≤‡•Ä ‡§ó‡•Å‡§∞‡•Å
1023,"Varanasi , Delhi"
1024,"Asansol, Ranchi, New Delhi"
1025,"India, Ahmedabad"
1026,"Squad house, Pochinki"
1027,Bharata
1028,The World
1029,"Sardarshahar, Churu, Rajasthan"
1030,"India,Chennai"
1031,Uttar Pradesh India
1032,"Lahar, Madhya Pradesh, India"
1033,Desert Emirate 
1034,"‡§¨‡§≤‡§ø‡§Ø‡§æ, (UP60)"
1035,Your TL
1036,somewhere
1037,"Surat, Gujarat"
1038,"New Delhi, India."
1039,"28.552668,77.234552"
1040,prolly napping
1041,"Jodhpur, Rajasthan"
1042,"Delhi, Delhi"
1043,Searching....
1044,"Lakhimpur Uttar Pradesh, India"
1045,"India and USA, 5 years Old"
1046,"Bahraich, India"
1047,NCR India
1048,Mumbai India
1049,"Hyderabad~New Delhi, India"
1050,New Delhi-Lakhisarai
1051,"Gurgaon,India"
1052,"Kazan, Russia "
1053,warangal
1054,Hyderabad Telangana 
1055,"Hathras, Uttar Pradesh, India"
1056,‡§¨‡§æ‡•õ‡•Ä‡§ö‡§æ-‡§è-‡§Ö‡§§‡•ç‡•û‡§æ‡§≤
1057,Haryana
1058,Jatland
1059,Varanasi 
1060,Noida near New Delhi
1061,Around you
1062,Nit Allahabad
1063,"New Delhi, India Gate"
1064,"Shimla, India"
1065,Saddi Dilli
1066,"Delhi, India "
1067,Unknown Estate
1068,World is my playground
1069,"Bhiwani, Haryana"
1070,DELHI /GURUGRAM- INDIA
1071,Follow Me To Know
1072,‡§≠‡§æ‡§∞‡§§‡§µ‡§∞‡•ç‡§∑
1073,In Bengaluru now ...
1074,USA
1075,"‡§Ü‡§ß‡§æ ‡§¶‡§ø‡§≤‡•ç‡§≤‡•Ä ‡§µ‡§æ‡§≤‡§æ ,‡§π‡§æ‡§´ ‡§Æ‡•Å‡§Ç‡§¨‡§à‡§ï‡§∞"
1076,"Ambikapur, India"
1077,Aizawl Mizoram
1078,AlwarRajasthan office at Delhi
1079,Musafir
1080,"Mehrauli, New Delhi"
1081,Delhi INDIA
1082,Jehanabad (Bihar )
1083,Srinagar - Gulmarg - Delhi - ?
1084,"Bengaluru, Raebareli, India"
1085,Roorkee
1086,"Punjabi Bagh, New Delhi, INDIA"
1087,"√úT: 12.975347,77.607725"
1088,"√úT: 28.579464,77.168715"
1089,faridabad
1090,New Delhi | Mumbai
1091,"Bhanvad, DevBhumi Dwarka"
1092,Ahmedabad -INDIA-
1093,pale Blue dot
1094,ƒÄryƒÅvarta
1095,"Thane West, India"
1096,"Minnesota, USA"
1097,New Delhi ~ Nagpur
1098,Irani cafe 
1099,"Los Angeles, CA"
1100,Noida/Cuttack
1101,between nowhere and goodbye
1102,Milkyway~Cosmos
1103,"Uttar Pradesh , Haryana"
1104,"√úT: 17.423289,78.4438978"
1105,"Hapur, India"
1106,51% French 100% Globalized
1107,"Varanasi,UP, India"
1108,Delhi india
1109,You are here
1110,"Jagtial, Telangana"
1111,"Gurugram, Haryana, India "
1112,Amethi/Noida/Delhi/Bangalore
1113,"Khan Market, New Delhi"
1114,Gangavathi
1115,The whole World is 
1116,U
1117,Fatehgadh -(Kutch) Gujarat
1118,#‡§Ö‡§Ø‡•ã‡§ß‡•ç‡§Ø‡§æ_‡§∂‡•ç‡§∞‡•Ä‡§∞‡§æ‡§Æ_‡§ï‡•Ä
1119,Jind
1120,"Vancouver, British Columbia"
1121,Noida - Delhi - Haryana
1122,"Punjab, India"
1123,"Ahmedabad City, India"
1124,Nashik
1125,Internet
1126,Outside Kashmir | Kashmir
1127,"raibareli, up"
1128,Indirapuram
1129,"Agra, UP/Bangalore/Delhi"
1130,"Madurai, Delhi, India"
1131,Assam
1132,Venezuela
1133,‡§ö‡§ø‡§§‡•ç‡§§‡•ã‡•ú‡§ó‡•ù
1134,"comilla, Bangladesh "
1135,"Amethi Uttar Pradesh, India"
1136,‡§ó‡•Å‡§ú‡§∞‡§æ‡§§‡•Ä ‡§Æ‡•Å‡§ö‡•ç‡§õ‡•ú ‡§ï‡§æ ‡§ò‡§∞
1137,sach aur jhooth ke us paar
1138,Bangalore. Chennai. India.
1139,"Fatehpur, India"
1140,"Delhi/Gurugram, India"
1141,Dhaka
1142,"19.0760¬∞ N, 72.8777¬∞ E"
1143,Hogwarts 
1144,Jabalpur (M.P.)
1145,Holy Himalayas
1146,"Green Park, New Delhi"
1147,Kuala Lumpur
1148,"Bhavnagar, Gujarat"
1149,‡§∏‡§∞‡•ç‡§µ‡§µ‡•ç‡§Ø‡§æ‡§™‡•Ä
1150,"Haryana,India"
1151,Goa . Mumbai . London
1152,Delhi se hu BC
1153,Jammu And Kashmir
1154,"‡§Æ‡•Å‡§Ç‡§¨‡§à, ‡§™‡•ç‡§∞‡§Ø‡§æ‡§ó‡§∞‡§æ‡§ú‡•§"
1155,"Jammu, Jammu And Kashmir"
1156,Ubiquitous
1157,"Ontario, Canada"
1158,Sri Lanka
1159,‡§ö‡§Ç‡§°‡•Ä‡§ó‡§¢‡§º 
1160,Interstellar
1161,"Greater Noida West, India"
1162,New Delhi (Actually Gurgaon)
1163,Masshole
1164,Solitude
1165,"New Delhi,  B'lore, Hyd. India"
1166,Amritsar punjab. 
1167,"‡§Æ‡•Å‡§Ç‡§¨‡§à, ‡§≠‡§æ‡§∞‡§§"
1168,On Earth .
1169,neha.trade1@gmail.com
1170,Tundla
1171,Haryana¬†‚úàDelhi¬†‚úàHaryana
1172,JambuDeepam
1173,‚òÖ___‡§ß‡•ã‡§∞‡§æ‡§Å_‡§Ü‡§≥‡•ã_‡§¶‡•á‡§∂___‚òÖ
1174,"Basti, India"
1175,"New Delhi, Bangalore"
1176,"Mathura, Agra, New Delhi"
1177,"Medinipur, West Bengal, India"
1178,District X
1179,"Gurugram, India"
1180,"Orlando, FL"
1181,"Doha, Qatar"
1182,"Mumbai, India and New Delhi"
1183,Noida | Kochi
1184,Musafhir hoon Yaaro! :)
1185,en
1186,Varanasi ~ New Delhi
1187,‚†Ä‚†Ä ‚†Ä ‚†Ä ‚†Ä ‚†Ä ‚†Ä ‚†Ä ‚†Ä ‚†Ä ‚†Ä ‚†Ä ‚†Ä ‚†Ä ‚†Ä ‚†Ä
1188,"Maharashtra - Gujarat, India"
1189,Mumbai !
1190,Camp Astana
1191,"Meerut, Varanasi, Delhi, India"
1192,Rohtak
1193,"‡§≤‡•á‡§π, ‡§≤‡§¶‡•ç‡§¶‡§æ‡§ñ "
1194,"INDIA, ‡§≠‡§æ‡§∞‡§§ "
1195,"New Delhi, Lucknow, Deoria"
1196,Hong Kong
1197,"AHMEDABAD, INDIA"
1198,PB X
1199,Pune-Panchkula-Faridabad
1200,"Ludhiana, Punjab"
1201,Gujarat-India
1202,"Agra, Dehradun, NCR"
1203,Delhi / Ranchi
1204,The Whole World
1205,Kolkata | New Delhi
1206,"Lucknow,East (UP) "
1207,Some Where N D Earth
1208,Allahabad
1209,www.intelisy.in
1210,‡™®‡™°‡´Ä‡™Ø‡™æ‡™¶
1211,"Mussorie,Uttaranchal"
1212,boston ma
1213,"India, Bharat, Hindustan"
1214,3rd Planet
1215,"India, Atlanta, GA USA"
1216,Shimla
1217,‡§™‡§∞‡§æ‡§∏‡§ø‡§Ø‡§æ ‡§Æ‡§ß‡•ç‡§Ø‡§™‡•ç‡§∞‡§¶‡•á‡§∂
1218,"Mumbai,  India"
1219,"Delhi, INDIA"
1220,Girnar Gujrat
1221,Karam Khand
1222,khargone 
1223,"Rajasthan, India "
1224,Gurgaon/ Alwar (Bharat)
1225,"Houston, TX"
1226,"New Delhi, India  "
1227,"Anamnagar-32, Kathmandu, Nepal"
1228, ‡§∏‡§æ‡§Ç‡§ö‡•å‡§∞ ‡§∞‡§æ‡§ú‡§∏‡•ç‡§•‡§æ‡§®
1229,New Delhi/Bangalore
1230,Delhi  India
1231,‡§Ü‡§™‡§ï‡•á ‡§¶‡§ø‡§≤ ‡§Æ‡•á
1232,s
1233,Near you
1234,Bareilly
1235,Animal Farm
1236,Jodhpur 
1237,United Ki
1238,"29,Vishnoi House jaipur "
1239,Neverland
1240,"Maheshwar, MP India"
1241,"Bandipur-Karnataka, India"
1242,"Faridabad, India, Haryana"
1243,"Kalka, Haryana"
1244,mother earth
1245,Silicon Valley
1246,www.bloombergquint.com
1247,"‡§ó‡•Å‡§°‡§ó‡§æ‡§Å‡§µ, ‡§á‡§Ç‡§°‡§ø‡§Ø‡§æ"
1248,Out of the box
1249,Danoda 
1250,"Kadegaon, Sangli #Maharashtra"
1251,"Udaipur, Rajasthan "
1252,Secunderabad
1253,moradabad
1254,NOIDA/Mathura/Reotipur
1255,currently @ the pale blue dot
1256,"Goa, india"
1257,"RSS Shakha, Nagpur"
1258,"Kalimpong, West Bengal"
1259,jama Masjid Delhi
1260,Himalaya
1261,"Gurugram/New Delhi, India "
1262,"Punhana, Haryana"
1263,‡§Ö‡§ö‡§≤‡§™‡•Ç‡§∞ ‡§ú‡§ø.‡§Ö‡§Æ‡§∞‡§æ‡§µ‡§§‡•Ä ‡§Æ‡§π‡§æ‡§∞‡§æ‡§∑‡•ç‡§ü‡•ç‡§∞ 
1264,"Mumbai, India "
1265,"Salem, Tamilnadu, India"
1266,Ghaziabad / Shamli 
1267,"‡§™‡•Å‡§£‡•á, ‡§Æ‡§π‡§æ‡§∞‡§æ‡§∑‡•ç‡§ü‡•ç‡§∞, ‡§≠‡§æ‡§∞‡§§ "
1268,your choice
1269,"Gujarat, Vadodara"
1270,Delhi¬†üîÑUP
1271,Prayagraj
1272,Mumbai/Allahabad
1273,rishikesh
1274,Kaza lahul Spiti
1275,land of black diamond
1276,"Faridabad, Haryana"
1277,"new delhi,india"
1278,Dark side of the Moon
1279,‡§ú‡§æ‡§ü‡§≤‡•à‡§Ç‡§°
1280,"Preston, UK"
1281,"Muzaffarnagar, India"
1282,jagdalpur chattisgar 
1283,Alternate Reality
1284,"meme, land"
1285,"Jhajjar, India"
1286,Swades
1287,Uttrakhand
1288,Does it matter?Well travelled
1289,‡§∞‡§æ‡§π‡•á‡§Ç ‡§¨‡§π‡•Å‡§§ ‡§π‡•à-‡§Æ‡§Ç‡•õ‡§ø‡§≤ ‡§ï‡•Ä ‡§§‡§≤‡§æ‡§∏‡•§‡•§
1290,"‡§∞‡•Ä‡§µ‡§æ, ‡§Æ‡§ß‡•ç‡§Ø‡§™‡•ç‡§∞‡§¶‡•á‡§∂,‡§≠‡§æ‡§∞‡§§"
1291,"Basavakalyan, India"
1292,NOWHERE
1293,Moradabad _Aligarh _INDIA
1294,Haryana-India
1295,"Delhi , India"
1296,Mustafabad North East Delhi
1297,New (Delhi) India !
1298," New Delhi,Varanasi"
1299,MS 
1300,Floating 
1301,Mukherjee nagar 
1302,"Gangol, Diyodar, B.K., Gujarat"
1303,In My Own Prison
1304,"Agra, UP"
1305,‡§Ü‡§∞‡•ç‡§Ø‡§æ‡§µ‡§∞‡•ç‡§§ ‡§¶‡•á‡§∂
1306,‡™Æ‡™æ‡™∞‡´Ä ‡™è‡™ï ‡™Ö‡™≤‡™ó ‡™¶‡´Å‡™®‡™ø‡™Ø‡™æ
1307,www
1308,"Sidhpur, India"
1309,"‡§Ü‡§∞‡•ç‡§Ø‡§æ‡§µ‡§∞‡•ç‡§§, ‡§Ö‡§ñ‡§£‡•ç‡§° ‡§≠‡§æ‡§∞‡§§"
1310,"Assam, India "
1311,"California, USA"
1312,‡§®‡§à ‡§¶‡§ø‡§≤‡•ç‡§≤‡•Ä / ‡§™‡§ü‡§®‡§æ
1313,England
1314,"Sydney, Australia"
1315,"Gomti Nagar, Lucknow India"
1316,GURGAON
1317,"Ostermundigen, Bern"
1318,"Berlin, Germany"
1319,"Maryland, USA"
1320,"Navelim, Goa"
1321,‡§Ö‡§ñ‡§£‡•ç‡§° ‡§≠‡§æ‡§∞‡§§‡§µ‡§∞‡•ç‡§∑
1322,Los Angeles
1323,‡§Æ‡§ú‡•á ‡§Æ‡•á‡§Ç 
1324,"Barcelona, Spain"
1325,"Manchester, UK"
1326,Ireland
1327,Margherita assam India 
1328,online
1329,"New York, "
1330,Lahore
1331,"London, UK"
1332,"Seattle, WA"
1333,Northampton
1334,Isle of
1335,"Staten Island, NY"
1336,Hollywood 
1337,Hilversum
1338,Bangalore ¬†‚úà Delhi  ¬†‚úà London
1339,London via Sydney & Kabul
1340,North East india
1341,Scandinavia
1342,"Austin, Texas"
1343,"Oslo, Norway"
1344,Siwan Bihar India
1345,London via Bangalore and Delhi
1346,infont of you
1347,‡§Æ‡•á‡§≤‡•Å‡§π‡§æ
1348,Sweden Stockholm
1349,Dilli se hu bhnchd
1350,"Stockholm, Sweden"
1351,Roaming World 
1352,Kerala
1353,"Ottawa, Canada"
1354,"North West, England"
1355,India-Noida/Mumbai/Mathura
1356,‡§Ö‡§ñ‡§Ç‡§° ‡§≠‡§æ‡§∞‡§§
1357,RAMPUR
1358,"lave, "
1359,"Earth, Solarsystem"
1360,Radio Free California
1361,"Indianapolis, IN"
1362,Lucknow (U.P)
1363,"‡§∞‡§π‡§®‡•á‡§ï‡•ã ‡§ò‡§∞ ‡§®‡§π‡•Ä‡§Ç,‡§∏‡§æ‡§∞‡§æ ‡§ú‡§π‡§æ‡§Å ‡§π‡§Æ‡§æ‡§∞‡§æ"
1364,Noida New Delhi
1365,Mostly India
1366,twitter pe
1367,Rajasthan India
1368,FmrUS
1369,Teri aukat se bahar
1370,"Dhaka,Bangladesh"
1371,"Itanagar, Arunachal| New Delhi"
1372,"NH 27,51."
1373,"England, United Kingdom"
1374,#world
1375,Incredible India
1376,"kota,Rajasthan "
1377,Bengal 
1378,next to electric socket 
1379,"New Delhi, India | Bhubaneswar"
1380,Jamshedpur
1381,NSFW-selfol
1382,New York City
1383,"Bangalore,  Delhi "
1384,"Bryan, Texas"
1385,North Yorks
1386,"Faridabad,Haryana"
1387,"Raipur, India"
1388,"Gargoti, Kolhapur"
1389,"Navi Mumbai, Maharashtra"
1390,"delhi,india"
1391,Unknown
1392,"Chittaranjan Park, New Delhi"
1393,Noida|Ambikapur Chhattisgarh 
1394,Limache
1395,U don't need to know
1396,Jhansi
1397,Ayodhya
1398,BLR/LON| Opinions Are Personal
1399,Safety 101 Dont get kidnapped 
1400,‡Æö‡ØÜ‡Æ©‡Øç‡Æ©‡Øà
1401,‡§≠‡§æ‡§∞‡§§‡§µ‡§∞‡•ç‡§∑ (Bharat)
1402,Rewa | Bhopal
1403,Toronto / New Delhi
1404,"Dubai, Karnataka "
1405,Uttarakhand
1406,"Lucknow Canttonment Zone, Luck"
1407,"Cambridge, MA &/or New Delhi"
1408,in line for a dole whip
1409,"Minneapolis / New Delhi, India"
1410,‡§¨‡•ç‡§∞‡§π‡•ç‡§Æ‡§æ‡§Ç‡§°
1411,"Mussoorie, Goa, Delhi, Udaipur"
1412,Sagittarius A*
1413,Bhubneshwar
1414,Pluto !
1415,‡§¨‡•ú‡•Ä ‡§¶‡•Ç‡§∞ ‡§∏‡•á ‡§Ü‡§Ø‡•á ‡§π‡•à
1416,"Madhya Pradesh, India"
1417,Hindusthan - My Mother India
1418,"DLF City Phase 3, Gurgaon"
1419,Up in the air. 
1420,U.p. ballia
1421,Troll Naka 
1422,Yadav Nagar Jogeshwari West 
1423,"Manitoba, Canada"
1424,Diskoland
1425,"Borivali East, Mumbai"
1426,‡§≠‡§æ‡§∞‡§§  
1427,"Bihar, India (Gaya)"
1428,Patna ¬†‚ù§¬†
1429,dehradun
1430,"‡§ó‡•ã‡§Ç‡§°‡§æ ‡§â‡§§‡•ç‡§§‡§∞ ‡§™‡•ç‡§∞‡§¶‡•á‡§∂, ‡§ï‡•á‡§∏‡§∞ ‡§ó‡§Ç‡§ú"
1431,‡§ó‡•å‡§ä ‡§∂‡§æ‡§≤‡§æ ‡§á‡§® ‡§≠‡§ï‡•ç‡§§‡§≤‡•à‡§Ç‡§° 
1432,"‡§ï‡•ã‡§≤‡§ï‡§æ‡§§‡§æ, ‡§≠‡§æ‡§∞‡§§"
1433,Cambridge UK
1434,New Delhi and Jharkhand
1435,vijayawada
1436,"sirsa,India."
1437,"‡§≠‡§æ‡§∞‡§§‡§µ‡§∞‡•ç‡§∑,‡§∏‡•ã‡§®‡•á ‡§ï‡•Ä ‡§ö‡§ø‡§°"
1438,"Ambala, India"
1439,Republic of Korea
1440,Magadh
1441,Neral
1442,‡§Ö‡§™‡§®‡•ã‡§Ç ‡§ï‡•á ‡§¶‡§ø‡§≤‡•ã ‡§Æ‡•á 
1443,#Grounded@Chandigarh@B'lore
1444,"SAMASTIPUR,BIHAR (INDIA)"
1445,Ratlam
1446,Hyderabad | Chennai | Mumbai
1447,jaha koi kisi ko na jaane
1448,"Earth, milkyway galaxy"
1449,‡§™‡•ç‡§∞‡§Ø‡§æ‡§ó‡§∞‡§æ‡§ú ¬†üö© ‡§Ø‡•Ç‡§™‡•Ä 70 
1450,Add your location
1451,Bhubaneswar 
1452,"Calgary, Alberta"
1453,Bombay 
1454,"Bihar, India"
1455,freedomville 
1456,Brussels
1457,"Salkia, Haora"
1458,"kolkata, India"
1459,"South Delhi, India "
1460,"Delhi,  India"
1461,"Surat, India"
1462,‡§Ö‡§ñ‡§Ç‡§° ‡§≠‡§æ‡§∞‡§§ 
1463,"Bihar ¬†üîõ Jharkhand, India"
1464,JAIPUR Rajasthan
1465,"New Delhi, Gujarat"
1466,Japan India Japan 
1467,"lucknow,India"
1468,"Faisalabad,Punjab, Pakistan"
1469,‡§¶‡•ç‡§µ‡§æ‡§∞‡§ï‡§æ ‡§µ‡§ø‡§ß‡§æ‡§®‡§∏‡§≠‡§æ ‡§¶‡§ø‡§≤‡•ç‡§≤‡•Ä 
1470,"Kannauj,UP { INDIA }"
1471,"Nottingham, England"
1472,New Delhi...
1473,Mumbai. India.
1474,‡§Ü‡§¨‡•Ç ‡§ï‡•Ä ‡§µ‡§æ‡§¶‡§ø‡§Ø‡•ã‡§Ç ‡§Æ‡•á‡§Ç...
1475,"Windsor ON, Canada"
1476,dabru dabru dabru.hahahaha.com
1477,"RPS Green Valley, Faridabad"
1478,"New Delhi/Jaipur, INDIA"
1479," Kreeri Baramulla , India"
1480,"Boulder, CO"
1481,"Pune, INDIA"
1482,Bhilwara Rajasthan
1483,"Delhi NCR, Bharat varsh"
1484,Rivendell
1485,"Madras, India"
1486,"South East, England"
1487,UP India
1488,"El Paso, TX"
1489,"Narwana (Jind) Haryana,India"
1490,"Edinburgh, Scotland"
1491,Leidschendam
1492,"JNU, cssp"
1493,"Palwal, India"
1494,"Jaitaran, India"
1495,"Chittagong, Bangl"
1496,"Panaji, Goa"
1497,BARRACKPORE
1498,"Multan, Pakistan"
1499,Somewhere in Mumbai 
1500,Martian
1501,"‡§µ‡§æ‡§∞‡§æ‡§£‡§∏‡•Ä, ‡§≠‡§æ‡§∞‡§§ "
1502,Dehri¬†üöÜ Dehradun¬†‚úàÔ∏èGURUGRAM
1503,lost in space
1504,unchahar raebareli
1505,‡§Æ‡§æ‡§π‡§ø‡§∑‡§Æ‡§§‡•Ä 
1506,GLOBAL
1507,"Shaktinagar, India"
1508,somewhere on the earth
1509,"‡§ó‡•ã‡§∞‡§∞‡§µ‡§™‡•Å‡§∞ New Delhi, India"
1510,"Sirsa, Haryana, India"
1511,::1
1512,mummy papa ke saath 
1513,JNU
1514,"‡§≠‡§æ‡§∞‡§§,‡§™‡•É‡§•‡•ç‡§µ‡•Ä,‡§¨‡•ç‡§∞‡§π‡•ç‡§Æ‡§æ‡§Ç‡§°"
1515,Jodhpur
1516,love to serve humanity. 
1517,10463 New York
1518,‡∞µ‡±à‡∞ú‡∞æ‡∞ó‡±ç
1519,U.P. India
1520,UNIV
1521,"Born:Dindigul,Roaming: Chennai"
1522,Basti - Lucknow - New Delhi
1523,221B Baker Street
1524,"Hyderabad, Telangana."
1525,"Singhpura, Zirakpur"
1526,dindigul
1527,Earth2030
1528,"Northeast IL - Yep, near Chgo"
1529,3rd rock from the Sun
1530,"New Delhi,Noida"
1531,Mumbai/Delhi Hindustan
1532,Amazon forest
1533,"Patna,Bihar/Kolkata,WB"
1534,‡≤∂‡≤ø‡≤µ‡≤≤‡≥ã‡≤ï
1535,Bharatha
1536,jahannam
1537,"faridabad , india"
1538,P
1539,"New Delhi, Lucknow, India"
1540,Bhopal (M.p) Bharat
1541,"‡§®‡§æ‡§ó‡§™‡•Ç‡§∞, ‡§Æ‡§π‡§æ‡§∞‡§æ‡§∑‡•ç‡§ü‡•ç‡§∞"
1542,New 
1543,"Medinipur, India"
1544,Jamshedpur/Hyderabad
1545,tarun.shukla1@timesinternet.in
1546,"Bangalore, Chandigarh, Jammu"
1547,Pune-Mumbai-Pune
1548,New Delhi/Raipur/Auroville
1549,‡•û‡§§‡•á‡§π‡§™‡•Å‡§∞ ‡§â‡§§‡•ç‡§§‡§∞ ‡§™‡•ç‡§∞‡§¶‡•á‡§∂
1550,sh
1551,"Noida, india"
1552,"Haryana, In"
1553,Urban Nomad
1554,"Bareilly, India"
1555,Twitter pe
1556,"Cleveland, OH"
1557,"Brahmapur, Odisha, India"
1558,Dumeelans & Dhimmies Paradise
1559,"Tikamgarh~Bhopal ~Delhi, India"
1560,kolkata
1561,"SAMASTIPUR(BIHAR,INDIA)"
1562,"Lko, India"
1563,"New Delhi, Bangalore "
1564,"Ahmedabad,Gujarat,INDIA"
1565,Delhi India 
1566,on helicopter
1567,‡§ö‡§æ‡§Å‡§¶ ‡§™‡§∞ ‡§π‡•à ‡§Ö‡§™‡•Å‡§®
1568,"Riyadh Saudi Arabia,Pune India"
1569,"Haryana ,India"
1570,"mumbai, India"
1571,"Bhinmal, India"
1572,Harvard
1573,"Islamabad, Pakistan"
1574,‡∞Ü‡∞Ç‡∞ß‡±ç‡∞∞‡∞™‡±ç‡∞∞‡∞¶‡±á‡∞∂‡±ç 
1575,ƒÄryƒÅvarta  
1576,"Mumbai, India."
1577,Bhondsi (Gurugram)
1578,"Rae Bareily, India"
1579,"Bharat, (India)"
1580,Capital of Movement
1581,‡§®‡§à ‡§¶‡§ø‡§≤‡•ç‡§≤‡•Ä/‡§≠‡§æ‡§∞‡§§
1582,"Mumbai,India."
1583,Besides work.
1584,"Amsterdam, The Netherlands"
1585,"Tuscany, Italy, Europe"
1586,Wakanda
1587,"Navrangpura, Ahmadabad, India"
1588,"India, Kerala"
1589,‡§Æ‡•Å‡§Æ‡•ç‡§¨‡§à
1590,Moradabad
1591,jodhpur
1592,"Haridwar, India"
1593,Dubai
1594,bermuda triangle 
1595,"Himachal Pradesh, India"
1596,"New Delhi, Dwarka, India"
1597,Jamaica- Trinidad &Tobago
1598,JAMBU DWEEPA
1599,‡§ò‡§∞ ‡§Æ‡•á‡§Ç ‡§∞‡§π‡§§‡§æ ‡§π‡•Ç‡§Å..
1600, Surat Gujarat 
1601,"India,  new delhi "
1602,"New Delhi,india"
1603,Darbhanga
1604, Indian
1605,"Puri,Orissa in India"
1606,Dubai/Mumbai
1607,Ande Se Baahar
1608,Lost Somewhere!! 
1609,"Jhabua (MP), Delhi/Ghaziabad"
1610,#UP & #New D
1611,gurgaon
1612,IND
1613,"Barh, India"
1614,"Lucknow, India , hardoi"
1615,Feroze pur (punjab)
1616,tish
1617,Gurgoan
1618,"Pulwama, K"
1619,NYC | London 
1620,"Barabanki, India"
1621,Chittaranjan/Kolkata/Tinsukia
1622,"Bagicha, Rajasthan, India"
1623,"Toronto, Canada "
1624,kaliyug
1625,"Somewhere, New Delhi"
1626,Unnao
1627,"Nahan, India"
1628,nowhere
1629,Capital of Ksa....
1630,"‡§â‡§°‡§º‡§§‡§æ ‡§™‡§Ç‡§õ‡•Ä ‡§π‡•Ç‡§Å,‡§†‡§ø‡§ï‡§æ‡§®‡§æ ‡§¨‡§®‡§æ‡§®‡§æ ‡§π‡•à"
1631,she/her ‚Ä¢ minor
1632,Still on Earth
1633,Somewhere in the Multiverse
1634,Gandidam
1635,‡§∂‡§ø‡§µ‡§≠‡•Ç‡§Æ‡§ø
1636,Calcutta & Jamshedpur
1637,Mt Regrets
1638,to be determined...
1639,KOLKATA
1640,"Jodhpur, India"
1641, ‡§¨‡•à‡§Ç‡§ó‡§≤‡•ã‡§∞-  ‡§≠‡§æ‡§∞‡§§ ‡§µ‡§∞‡•ç‡§∑
1642,Own Head Space
1643,Your neighbour
1644,Gurgaon 
1645,"Udupi, India"
1646,‡Æ™‡Æ¥‡Øà‡ÆØ ‡Æá‡Æ®‡Øç‡Æ§‡Æø‡ÆØ‡Ææ
1647,"I'm either lost, or everywhere"
1648,bhopal
1649,"Chandigarh,India"
1650,All Sport - India Plays
1651,"Himatnagar, Gujarat, India"
1652,"Bhubaneswar, Odisha"
1653,Direc
1654,Gujarat
1655,cob
1656,"Vijayawada, India"
1657,AjanƒÅbha-var·π£a
1658,"‡§Ü‡§ó‡§∞‡§æ, ‡§â‡§§‡•ç‡§§‡§∞ ‡§™‡•ç‡§∞‡§¶‡•á‡§∂ ‡•§"
1659,india new delhi
1660,"Ahmedabad, Gujarat, India"
1661,‡§¶‡•á‡§µ‡§≠‡•Ç‡§Æ‡§ø ‡§â‡§§‡•ç‡§§‡§∞‡§æ‡§ñ‡§£‡•ç‡§° - ‡§ì‡§ñ‡§≤‡§Ç‡§ú
1662,"Allahabad, Mumbai, Delhi"
1663,Silicon Valley USA
1664,Ratangarh Rajsthan india
1665,North East Bharat
1666,Varanasi/Renukoot
1667,"Chennai, Tamilnadu."
1668,"kanchipuram, Tamilnadu, India"
1669,30 ‡§ú‡§æ‡§®‡•á‡§µ‡§æ‡§∞‡•Ä ‡§§‡§ï ‡§ó‡§æ‡§Ç‡§ß‡•Ä ‡§µ‡§ø‡§ö‡§æ‡§∞ 
1670,"Birmingham, England"
1671,"Pune,MH,India"
1672,Moment
1673,NYC ¬†‚úàÔ∏è Moab
1674,Libert√© d‚Äô Expression 
1675,New Delhi ÿßŸÑŸáŸÜÿØ
1676,Patna bihar
1677,"Jalandhar, Punjab, India"
1678,"Ajman, United Arab Emirates"
1679,samastipur
1680,"Panagar, India"
1681,"Bhusawal, India from - Buldana"
1682,Singhpur - same as you
1683,Ice age
1684,"Jhansi, India"
1685,"Ahmadabad City, Gujarat"
1686,indirapuram
1687,"Milwaukee, WI"
1688,"A.P, India "
1689,Delhi   
1690,"Udhampur, Jammu And Kashmir"
1691,Amethi
1692,Himachal Pradesh | India
1693,Uttara Prachand
1694,‡§®‡•ã‡§è‡§°‡§æ/‡§™‡•ç‡§∞‡§Ø‡§æ‡§ó‡§∞‡§æ‡§ú
1695,Bangalore/Delhi
1696,Mumbai - New Delhi - Lucknow
1697,"Paris, France"
1698,Ïä¨Í∏∞ ‚ú© 
1699,charging point
1700,ABP NEWS
1701,"New Delhi, Shillong"
1702,magicshop
1703,Chennai 
1704,"Ottawa, Ontario"
1705,alwar Rajasthan
1706,Jersey Shore
1707,northern california
1708,"Kozhikode, Kerala"
1709,Steelers Nation
1710,"Mumbai- Pune, India"
1711,Omnipresent
1712,India¬†üáÆüá≥ the golden place 
1713,"Vadodara, Gujarat, India"
1714,"New-Delhi,India"
1715,Hogwarts
1716,Ache Din
1717,Junagadh
1718,#beefsquad
1719,Were dreams become r
1720,Good side. What do you need?
1721,Noida Delhi
1722,"Naperville, IL"
1723,"Chandigarh, Punjab"
1724,lucknow india
1725,New Delhi/Noida
1726,New Delhi / ‡®™‡©∞‡®ú‡®æ‡®¨
1727,Gurgaon Haryana
1728,Florida  
1729,Manhattan
1730,"Punero, Maharkhand"
1731,Chile
1732,"Ajitpur, Rampur"
1733,Peddapurappadu
1734,"maharashtra, Hindustan "
1735,Rewa Madhya Pradesh
1736,Nagapattinam
1737,the wild
1738,"Boston, USA"
1739, Bengaluru Hyderabad Kakinada
1740,Delhi/NCR Earlier GHY/BGP/JAM
1741,Lords
1742,haryana (kurushetra)
1743,Wanderlust
1744,"New Delhi,  INDIA"
1745,"Malleswaram, Bangalore,India"
1746,"Texas, USA"
1747,Washington DC
1748,"Patparganj, Delhi"
1749,"India, delhi"
1750,Houston / Sugarland
1751,Where Everyone Gets Along 
1752,W
1753,‡§™‡•ç‡§∞‡§Ø‡§æ‡§ó‡§∞‡§æ‡§ú
1754," Mumbai, Pune, Dubai"
1755,"Kochi; Doha, Qatar"
1756,Pakistan 
1757,Hind
1758,Sheopur m.p. 
1759,"Kathmandu ,Nepal"
1760,NAGPUR
1761,Bikaner-- Bangalore
1762,"Sanghi Colony, Gujarat"
1763,Sahibzada Ajit Singh Nagar
1764,Bangalore | Kannur | Wayanad
1765,YYZ-Around
1766,Doha (Qatar)
1767,"Delhi , Dubai"
1768,Definitely not Mars but Alien
1769,Maharashtra INDIA
1770,"Dehradun, Uttrakhand:"
1771,Wadiya
1772,Rajasthan/Gujarat
1773,"Gwalior, Madhya Pradesh"
1774,Indian Start-up Ecosystem 
1775,delhi ncr india
1776,Bengaluru/Delhi
1777,"Hindustan, India "
1778,Bastar
1779,‡§æ‡§∞‡§§
1780,Navi Mumbai
1781,"Whatsapp, Twitter, Facebook"
1782,"‡§®‡•ã‡§è‡§°‡§æ, ‡§â‡§§‡•ç‡§§‡§∞ ‡§™‡•ç‡§∞‡§¶‡•á‡§∂"
1783,Mumbai || PrayagRaj 
1784,Thailand
1785,‡§Æ‡•ç‡§Ø‡§æ‡§Ç‡§Æ‡§æ‡§∞
1786,Lost in the Hearts
1787,uttarakhand
1788,Mumbai | Delhi | Gorakhpur
1789,–ΩŒπ—è ãc–ΩŒπ—èŒ±œÅœÅŒ±‚ÑìŒπ
1790,Airports/Hotels/ Delhi 
1791,Ahmredabad.Gujarat ..India.
1792,Chowkidar Chowk
1793,somewh
1794,"28.682206,77.196161"
1795,"San Diego, California, USA"
1796,ODISHA  India
1797,universe 
1798,‡§π‡§ø‡§∏‡§æ‡§∞/ ‡§ó‡•Å‡§∞‡•Å‡§ó‡•ç‡§∞‡§æ‡§Æ/ ‡§¶‡§ø‡§≤‡•ç‡§≤‡•Ä
1799,Jai Telangana. 
1800,"Sheopur, India"
1801,Oman/ Dubai
1802,1800s Aliens Gravesite
1803,Dilli
1804,"‡§π‡§∞‡§ø‡§Ø‡§æ‡§£‡§æ, ‡§π‡§ø‡§Ç‡§¶‡•Å‡§∏‡•ç‡§§‡§æ‡§®"
1805,"Appleton, WI"
1806,Porkistan 
1807,London and Dubai
1808,"MaDLabs, Devathe Soundam Naad"
1809,"Begusarai, Bihar"
1810,"Madhubani, India"
1811,"Goraya, India"
1812,Multiverse
1813,T
1814,magic shop
1815,Secular India
1816,127.255.255.254
1817,Jind Haryana 
1818,"Dubai, UAE / Bangalore, India"
1819,borahae
1820,Blore/Chennai
1821,Delhi NCR 
1822,"Hamburg, Germany"
1823,"‡§Æ‡§ß‡•ç‡§Ø ‡§™‡•ç‡§∞‡§¶‡•á‡§∂ MP, ‡§≠‡§æ‡§∞‡§§"
1824,PANVEL
1825,Mumbai-India
1826,"Orion Arm, Galax√≠as K√Ωklos"
1827, hai apna
1828,ATM
1829,"Mandsaur, India"
1830,"‡≤π‡≤æ‡≤∏‡≤®, Bengaluru, Karnataka"
1831,New Delhi/Jaipur
1832,JALANDHAR CITY.PUNJAB 
1833,"guwahati, Assam, India "
1834,Nairobi
1835,CHENNAI
1836,Bhubaneswar & rest of Bharat
1837,Mumbai/Pune
1838,USA/India
1839,Mumbai and Toronto
1840,linkedin.com/in/sauravkumar/
1841,‡§°‡•á‡§≤‡•ç‡§π‡•Ä
1842,"Santa Monica, CA"
1843,"Arunachal Pradesh, India"
1844,‡§Ö‡§™‡§®‡•á ‡§ï‡§Æ‡§∞‡•á ‡§Æ‡•á‡§Ç 
1845,dreams
1846,milky-way 
1847,"Mysore, India"
1848,Global Village 
1849,‡§Ö‡§ú‡§®‡§¨‡•Ä ‡§π‡•Ä ‡§†‡•Ä‡§ï ‡§π‡•Ç‡§Å 
1850,"Panchkula, India"
1851,"Gudari,Rayagada, Odisha"
1852,Sri Ganganagar
1853,In your thoughts
1854,Delhi I Azamgarh
1855,Northern California USA
1856,India cg 
1857,"√úT: 18.5253289,73.8674798"
1858,"india ,delhi"
1859,"Junjani, Bhinmal, India"
1860,Google Me
1861,Singapore | New Delhi
1862,"Patna, Bengaluru, India"
1863,Chaand pai h
1864,"GOA,INDIA "
1865,jaipur to delhi 
1866,‡§π‡§∞‡§ø‡§Ø‡§æ‡§£‡•á ‡§ï‡§æ ‡§≤‡•ã‡§Ç‡§°‡§æ
1867,Atlantis
1868,Kherwara Udaipur INDIA
1869,Cricket ground
1870,Proud Indian 
1871,India/UK
1872,EmpathyHasNoBoundaries...
1873,GPS network not connected :p
1874,Cultural Capital of MiddleEast
1875,Look around you ¬†
1876,Kadachh
1877,Euroland
1878,crotia
1879,Smile to see a Smiling World
1880,‡§ú‡§ü‡§æ‡§ß‡§æ‡§∞‡•Ä ‡§≠‡•ã‡§≤‡•á ‡§ï‡•á
1881,"Fishtail Montana, 59028 USA"
1882,ucknow¬†üõ´ Gujarat
1883,Gwalior
1884,"India, Oman, Qatar & Kuwait"
1885,shribalaji
1886,Snooze land
1887,Bhubaneswar | Kolkata | Bihar 
1888, Ukraine
1889,Ardawata
1890,Trichy / Chennai / KL
1891,Baltimore md
1892,Noida/New Delhi/Gurgaon
1893,Poonamallee
1894,New Delhi l Mumbai l lndia
1895,THE INTERWEBZ
1896,RTing +VeNEET Tweets since2016
1897,"√úT: 26.851678,80.950848"
1898,thiruvanathapuram India 
1899,Vasai
1900,Chand pr rehta h
1901,Sector 135 Noida
1902,"Chamba, India"
1903,Somewhere near island.
1904,‡¥ö‡¥§‡¥ø‡¥Ø‡µª‡¥ï‡µÅ‡¥≥‡¥ô‡µç‡¥ô‡¥∞
1905,loniliness
1906,gujrat
1907,multiverse
1908,"Earth, Galaxies, Universe"
1909,Tiruvannamalai
1910,Modi ji chain se rhne nhi dete
1911,"London, Delhi"
1912,"bihar,India"
1913,"Gurgaon-Moradabad, India"
1914,"‡§™‡•ç‡§∞‡§Ø‡§æ‡§ó‡§∞‡§æ‡§ú , ‡§≠‡§æ‡§∞‡§§"
1915,-rest-
1916,Delhi/bihar
1917,"ichapuram,A.P,INDIA."
1918,‡§¨‡•ú‡•å‡§¶‡§æ ‡§∂‡•ç‡§Ø‡•ã‡§™‡•Å‡§∞ (‡§Æ.‡§™‡•ç‡§∞.)
1919,"Riyadh, Kingdom of Saudi Arabi"
1920,"Pulwama, Jammu And Kashmir"
1921,Berhampore
1922,iran e sageer
1923,"noida, india"
1924,In Creativity 
1925,"Usually At 40,000+ Feets"
1926,mangalore india 
1927,no
1928,"india, delhi"
1929,currently in your mind 
1930,"Kharar, India. "
1931,Fefana 
1932,"Varanasi , UP, India"
1933,"Noida Sector-16, UP"
1934,garh jharkhand
1935,"Lahore, India"
1936,"New York, NY"
1937,Sagar M.P.
1938,Masking my sad with s
1939,New Delhi / Odisha 
1940,Sainthia
1941,"Patiala, India"
1942,"Sydney, New South Wales"
1943,Visakhapatnam 
1944,"Karimnagar,India"
1945,"San Francisco, CA"
1946,Tuticorin
1947,Unavailable
1948,Mumbai - Telford (UK)
1949,Delhi/Bihar
1950,Bed
1951,kanpur up
1952,"‡§®‡§à ‡§¶‡§ø‡§≤‡•ç‡§≤‡•Ä , ‡§≠‡§æ‡§∞‡§§ "
1953,"Lunar, Near to VikramLander"
1954,Oblivion
1955,Bakchodham Society
1956,jaunpur
1957,Henan
1958,Largest Democracy on Earth 
1959,"Bronx, NY"
1960,"Wayanad, Kerala, India"
1961,Kasargod | Kerala
1962,Varanasi
1963,Agra
1964,‡§ú‡§ø‡§∏ ‡§¶‡•á‡§∂ ‡§Æ‡•á‡§Ç ‡§ó‡§Ç‡§ó‡§æ ‡§¨‡§π‡§§‡•Ä ‡§π‡•à
1965,Apne de
1966,navi mumbai (new bombay)
1967,Bharat MUMBAI
1968,"Amravati, India"
1969,Phone's charging point
1970,"JNU,New Delhi"
1971,mumbai 
1972,Beyond Bhakt Thinking
1973,"Basmath, IN | rudra.kadam.2@gmail"
1974,Central India (Indore-Sheopur)
1975,"Juhu, Mumbai"
1976,nowhere in your imagination
1977,Amroha
1978,"Dilshad Garden, New Delhi"
1979,Ghazipur & Varanasi
1980,New Delhi / Guwahati - India
1981,Country of Fools
1982,Wherever Necessary! :-p
1983,In your Mobile 
1984,New delhi 
1985,camp nou
1986,"San Fransisco, Aamai"
1987,Kota rajasthan
1988,"Glasgow, Scotland"
1989,"‡§ó‡•Å‡§ú‡§∞‡§æ‡§§, ‡§≠‡§æ‡§∞‡§§"
1990,‡§ß‡•Å‡§≥‡•á ‡§Æ‡§π‡§æ‡§∞‡§æ‡§∑‡•ç‡§ü‡•ç‡§∞ ‡§ú‡§Ø ‡§Æ‡§π‡§æ‡§∞‡§æ‡§∑‡•ç‡§ü‡•ç
1991, God Wa
1992,"Allahabad, New Delhi"
1993,Delhi/London - LSE 
1994,Jammu/Delhi
1995,kya karoge jaan kar
1996,‡§Æ‡§¶‡§∞‡§∏‡§æ
1997,Bad Location
1998,‡§ú‡§Ø 
1999,Sultanpur Delhi
2000,"Santiniketan, India"
2001,Mumbai/Chennai 
2002,New Delhi and Coochbehar
2003,M
2004,TWITZERLAND
2005,Kanpur
2006,"Saket, New Delhi, India "
2007,"‡§ó‡•ã‡§∞‡§ñ‡§™‡•Å‡§∞,‡§â‡§§‡•ç‡§§‡§∞ ‡§™‡•ç‡§∞‡§¶‡•á‡§∂"
2008,Planet-I
2009,Bangalore/Bombay
2010,"Parsathua,Sasaram,India"
2011,"Gujarat, Bharat"
2012,PL
2013,"Navi Mumbai, India."
2014,"J Navodaya Vidyalaya,Latur "
2015,South India
2016,"New Delhi, India ¬†‚úàÔ∏è Prayagraj"
2017,Noida 
2018,"IIT Guwahati, Guwahati"
2019,Deccan Plateau 
2020,Hidden Island
2021,jaipur.. india 
2022,Somewhere
2023,Mumbai/Sultanpur UP
2024," 28.674154,77.449011 "
2025,Latur 
2026,Non-resident Indori
2027,"Amritsar,Punjab"
2028,BANGALORE - CHENNAI
2029,"Istanbul,Turkey"
2030,Dharti pe hu bhaai
2031,San fransico / Gurgaon
2032,Madurai
2033,‡§®‡§∂‡•á ‡§Æ‡•á‡§Ç
2034,x
2035,"MUMBAI , India"
2036,"Some place, Some where!"
2037,Manipur
2038,Earth¬†üåç There is no Pl
2039,"Mandla, India"
2040,"Dilli, Indyeah!"
2041,"Jawahar Lal Nehru University, New Delhi"
2042,Delhi &Kashi(Banaras/Varanasi)
2043,on 10.0.1
2044,Heaven
2045,New Delhi - London - Paris
2046,atesua murdhan Varanasi
2047,"West patel nagar, Delhi"
2048,Mumbai-Pune
2049,UK | US | Canada | Singapore 
2050,"University Campus, New Delhi"
2051,Bharat Varsha 
2052,"Dilli, India"
2053,"New Delhi, Lakhimpur (UP)"
2054,"Junagad, India"
2055,"Hyderabad, Andhra Pradesh"
2056,In your dreams
2057,bombay / delhi 
2058,mh370
2059,"Earth, India, Calcutta"
2060,bhagalpur bihar
2061,HINDUSTAN
2062,Around the World
2063,Kolhapur
2064,Palghar
2065,New York & New Delhi
2066,hasanpur samastipur bihar
2067,"Malwa, Punjab, India"
2068,NOBODYCARES
2069,"Shahbad Markanda, Kurukshetra"
2070,"Sopore, Jammu And Kashmir"
2071,"Abu Dhabi, United Arab Emirate"
2072,Any Political Party's HQ
2073,"Rohini, New Delhi"
2074,"Sattur, Tamilnadu"
2075,"Siwan, Bihar"
2076,"Cuttack, India"
2077,Delhi ¬ª Dehradun ¬ª Pune
2078,Shri Ram ki bhumi bharat se
2079,"Nairobi, Kenya/Kutch Gujarat "
2080,bharuch
2081,Regrets
2082,"Naini Tal, India"
2083," Rajkot, Ahmadabad, Mumbai "
2084,New Delhi | Hong Kong
2085,"Ujjain,India"
2086,‡§ö‡§æ‡§Ø ‡§ï‡§ø ‡§ü‡§™‡§∞‡•Ä
2087,Delhi - Kashmir
2088,Gurdaspur 
2089,Delhi girl in Mumbai
2090,Kolkata; West Bengal. India
2091,"‡§Æ‡•á‡§∞‡§†, ‡§≠‡§æ‡§∞‡§§"
2092,borivali India
2093,"New Delhi, Kolkata"
2094,"Bharatpur, India"
2095,global
2096,StarGarage
2097,New-Delhi
2098,"Ghaziyabad, India"
2099,"Bilaspur, Chhattisgarh "
2100,"Surat/Pipavav/Bihar, India"
2101,"√úT: 28.417011,77.063942"
2102,Hindutwa Nagar Se
2103,Only on Twitter !!
2104,Beijing
2105,‡§≤‡§ñ‡§®‡§ä
2106,Hindustan 
2107,Somewhere on planet Earth
2108,‡§¶‡§ø‡§≤‡•ç‡§≤‡•Ä‡•§
2109,"Khammam,india"
2110,I did not vote for Kejriwal
2111,Offline
2112,"Karnataka, India"
2113,Nirvana
2114,"Delhi, to India"
2115,"North Delhi, India"
2116,Ujjain Engineering College
2117,Patna-Pune
2118,Varanasi ll New Delhi
2119,Bollywood
2120,‡§ï‡§æ‡§∂‡•Ä
2121,NewDelhi
2122,Seventh Sky
2123,Asauni panna mp
2124,"New Delhi , Jammu , India"
2125,"Rajasthan , India"
2126,"Mirzapur, Varanasi, New Delhi"
2127,#Jaipur
2128,"Delhi ,Ncr"
2129,‡§≠‡§æ‡§∞‡§§ # ‡§¨‡§æ‡§ó‡•Ä ‡§¨‡§≤‡§ø‡§Ø‡§æ 
2130,Rover
2131,"Delhi, INDIA "
2132,Nadiad
2133,Somewhere in your dreams
2134,"Chomu, Rajasthan"
2135,Earth.
2136,Mumbai india 
2137,"√úT: 22.576554,88.410696"
2138,"New Delhi, India / Balasore"
2139,"Srikalahasti, India"
2140,Sivakasi 
2141,pta nhe 
2142,Ujjain
2143,ss Ppl than Srk
2144,‡§π‡§ø‡§®‡•ç‡§¶‡•Å‡§∏‡•ç‡§•‡§æ‡§®
2145,Kashmir
2146,"Panditwari, Dehradun"
2147,New Delhi¬†‚úàBhubaneswar¬†üöóCuttack
2148,"Thyagaraya Nagar, Chennai"
2149,"Lucknow,India"
2150,Third planet from.the Sun 
2151,"Uttar Pradrsh, Gurgaon, India "
2152,kabarchha uchana jind 126115
2153,"Noida, Up, "
2154,India¬†üáÆüá≥ ÿ®⁄æÿßÿ±ÿ™
2155,jammu and kashmir india
2156,Bombay High Court
2157,Rukundipur  / Ankleshwar
2158,theka aur thane!!
2159,‡§ú‡§®‡§ï‡§™‡•Å‡§∞‡§ß‡§æ‡§Æ ‡§∏‡•Ä‡§§‡§æ ‡§Æ‡§æ‡§§‡§æ ‡§ú‡§®‡•ç‡§Æ ‡§∏‡•ç‡§•‡§æ‡§®
2160,at family's heart
2161,AMU Aligarh
2162,dreamland
2163,"""City of Nawabs"""
2164, In ur Minds
2165,"New Delhi, ¬†üáÆ"
2166,LUDHIANA/BATALA
2167,"Rudrapur, Uttrakhand"
2168,Ayodhya to Delhi via Bareilly
2169,DELHI/UTTAR PRADESH
2170,IIT DELHI 
2171,Surat &Delhi
2172,‡§Æ‡§ø‡§•‡§ø‡§≤‡§æ‡§Ç‡§ö‡§≤
2173,Calcutta
2174,Aeroplane 
2175,New Delhi.
2176,"National Capital Region, India"
2177,bharat
2178,"New Delhi, Chennai"
2179,Aamchi Mumbai
2180,"Gurgaon, Haryana "
2181,on the way
2182,Chennai | Gurgaon
2183,"Delhi, NY"
2184,"Lucknow,UP, Republic Of India"
2185,Purnea and New Delhi
2186,COSMOS
2187,Ary√•varta
2188,Kolkata-Jalpaiguri
2189,"Mumbai, IN"
2190,"Ghaziabad, Uttar Pradesh"
2191,"Sangli-Miraj, India"
2192,"Mumbai,Maharastra"
2193,Meerut 
2194,"Saharsa, Bihar India"
2195,New Delhi-Lucknow
2196,pakistan chiniot
2197,"28.456679,77.095162"
2198,Dunya Ke Kisi Kone Me.
2199,Kolkata | Kullu
2200,"Sitapur, India"
2201,"‡§ú‡§æ‡§≤‡•ã‡§∞, ‡§≠‡§æ‡§∞‡§§ ( ‡§Æ‡•Å‡§Æ‡•ç‡§¨‡§à )"
2202,ND
2203,33.88¬∞N 74.92¬∞E
2204,"Wisconsin, USA"
2205,Hyderabad ¬†‚úà Delhi ¬†‚úà Chennai
2206,"patna,india"
2207,"Bhubaneswar fuckin city, India"
2208,Tamilnadu
2209,Dehradun | Delhi | Bangalore
2210,"Buxar, India"
2211,Kolkata 
2212,Wherever my mobile is
2213,Kashmir - New Delhi
2214,"Coimbatore, Tamil Nadu."
2215,‡§π‡§ø‡§®‡•ç‡§¶‡•Å‡§∏‡•ç‡§§‡§æ‡§® 
2216,"Mathura, India (‡§¨‡•ç‡§∞‡§ú‡§µ‡§æ‡§∏‡•Ä)"
2217,"Purulia, India"
2218,‡§π‡§ø‡§Ç‡§¶‡•Å‡§∏‡•ç‡§§‡§æ‡§®‡•Ä
2219,LapataGanj
2220,BIL
2221,Uttarakhand ( INDIA )
2222,kanya kumari.
2223,New Delhi -  USA
2224,ECMA2030
2225,Namek
2226,Holyland
2227,Virtual
2228,"√úT: 26.858205,75.802635"
2229,R
2230,Satwas
2231,"Wasington, DC, Turkey, Kashmir"
2232,Hell
2233,"‡§¨‡•á‡§ó‡•Ç‡§∏‡§∞‡§æ‡§Ø, Srilanka"
2234,‡Æ™‡Æ∞‡ÆÆ‡Æï‡Øç‡Æï‡ØÅ‡Æü‡Æø
2235,Ghaziabad 
2236,Muzaffarabad
2237,"San Francisco, Chandigarh"
2238,Somewhere in Multiverse
2239,"New Delhi, I N D I A"
2240,Paris /Delhi
2241,Here and There
2242,NEW DELHI 
2243,"Kolhapur, Maharashtra"
2244,"Uppsala, Sweden"
2245,‡§¶‡•á‡§∏‡•Ä ‡§†‡•á‡§ï‡§æ 
2246,"Aya Nagar, New Delhi"
2247,Planet Earth 
2248,Khayaalo mein
2249,"Panipat, Delhi, India"
2250,Al Hilal - C Ring Road
2251,"‡§≠‡§æ‡§ó‡§≤‡§™‡•Å‡§∞, ‡§¨‡§ø‡§π‡§æ‡§∞ "
2252,"Sitapur, Uttar Pradesh"
2253,"San Francisco,Delhi,Dubai"
2254,Bassland @ India
2255,"Roorkee, India"
2256,Mumbai / New Delhi
2257,"DEORHI HINDU SINGH,AYODHYA, UP"
2258,Krypton World.
2259,punjab
2260,Marauder's map
2261,"Gorakhpur, Uttar Pradesh"
2262,"india, naam toh suna hoga"
2263,Utopia
2264,"Marattahalli, Bengaluru South"
2265,Ke karega jaanke!!!
2266,Delhi | New York
2267,"Delhi, Kolkata, Gopalganj"
2268,"Jammu & Kashmir, India"
2269,"Bhuj, India"
2270,"28.413128,77.320048"
2271,"Bihar, patna"
2272,"currently in Bengaluru, India"
2273,C4PF+HX 
2274,UAE 
2275,"guwahati,india"
2276,Apni Duniya Main Mast 
2277,"Hyderabad, the land of Nizams!"
2278,Rajysabha TV
2279,New Delhi/Varanasi/Gorakhpur
2280,"New Delhi,Prayagraaj,Gorakhpur"
2281,"M-22, Balochistan, India"
2282,Too alien to be Human.
2283,aage se right vaha se fuck off
2284,Del Haryana Uttarakhand Punjab
2285,"Delhi/Mumbai, India"
2286,"Tokyo-to, Japan"
2287,Nepal
2288,"New Delhi, India , "
2289,kashmir/New Delhi
2290,Ajmer Rajasthan
2291,ahead of the pack
2292,http://facebook.com/LDRforlife
2293,„ÅÑ„Çì„Å©„Å°„Åª„Éº
2294,HYD/MAA/PNQ/DEL India 
2295,Hypothetically in Hyderabad
2296,New Delhi / Uttrakhand 
2297,BARODA
2298,"Greater Kailash, New Delhi"
2299,"Rajouri Garden, New Delhi"
2300,"Dli,Ind,Milkyway-near Andrmda"
2301,"Gujarat ,India"
2302,‡§ú‡§ú‡•ç‡§¨‡§æ‡§§‡•ã‡§Ç ‡§Æ‡•á‡§Ç 
2303, Ne
2304,The Great Bharat.
2305,WorldWide
2306,Sangam Vihar
2307,Delhi / Noida
2308,"Sonipat, Haryana"
2309,"Sion, Mumbai"
2310,Bul
2311,Goa 69
2312,San Francisco
2313,Everywhere At Once 
2314,You shouldn't care
2315,Nagarpalika
2316,Localhost
2317,"Pharenda, Maharajganj"
2318,"Bengaluru/Hangal, India"
2319,‡§Ü‡§™‡§ï‡•Ä ‡§π‡§Å‡§∏‡•Ä ‡§Æ‡•á‡§Ç
2320,"Vadodara, India"
2321,"Geeta Colony, New Delhi"
2322,"Davis, CA"
2323,"‡§ú‡§Ø ‡§π‡§ø‡§Ç‡§¶,‡§ú‡§Ø ‡§Æ‡§π‡§æ‡§∞‡§æ‡§∑‡•ç‡§ü‡•ç‡§∞(‡§Æ‡•Å‡§Ç‡§¨‡§à‡§ï‡§∞)"
2324,Dilli.
2325,shivpuri m p
2326,"Noida, Ghaziabad"
2327,"Chennai, TN, India"
2328,"Sopore, Delhi"
2329,HLD.Mukteshwar( Nainital)India
2330,San Fran to Gurgaon
2331,searching
2332,Nainital and New Delhi
2333,"UTTAR PRADESH, INDIA "
2334,"New Delhi, India , world "
2335,Noida- INDIA
2336,"New Delhi, UP, India"
2337,"Tamilnadu, India"
2338,"Bihar, India( ŸæŸπŸÜ ÿ®€Åÿßÿ± )"
2339,Jharkhand
2340,"NCR New Delhi, India"
2341,Zila Azamgarh
2342,"Journalist at PTI, New Delhi."
2343,‡§≠‡§æ‡§∞‡§§ India
2344,Everywhere.
2345,"Darbhanga, Delhi, India"
2346,phone charging point 
2347,"Ghungru seth ki Nagri ,Delhi"
2348,Delhi/ Lucknow
2349,meerut
2350,Jaipur  ( ‡§µ‡•à‡§∏‡•á ‡§π‡§Æ ‡§≠‡§ø‡§Ç‡§° ‡§ï‡•á ‡§π‡•à‡§Ç
2351,"Colorado, USA"
2352, New delhi 
2353,"Sector 50, Noida"
2354,"Pune, Aurangabad "
2355,"SRK's¬†‚ù§Heart Delhi, INDIA"
2356,"Bombay, India"
2357,"gŒ±–∏g—ÇœÉ–∫, —ïŒπ–∫–∫Œπ–º"
2358,shuttling btwn TN-KL-KA-AP-TS
2359,"New Rajendra Nagar, New Delhi"
2360,Narlai to Mumbai via Jodhpur
2361,surat 
2362,Xiao Zhan ‚ô° Wang Yibo
2363,"Kolkata, West Bengal"
2364,"Hambantota, South af"
2365,"Cyber City, Gurgaon"
2366, Somewhere In (tolerant) India
2367,Karnataka 
2368,"MH 19 , India "
2369,"Damoh, India and mathura up"
2370,Dilli Se Hu 
2371,Bahraich
2372,"18.9750¬∞ N, 72.8258¬∞ E"
2373,"New delhi, Mumbai , India"
2374,"Jaipur, Jhunjhunu, Mandawa"
2375,"Aurangabad, India"
2376,"New Delhi, basti (up)"
2377,Abyss
2378,‡§≠‡§æ‡§∞‡§§ ‡§Æ‡§æ‡§§‡§æ ‡§ï‡•á ‡§ö‡§∞‡§£‡•ã‡§Ç ‡§Æ‡•á‡§Ç‡•§
2379,"Koraput, India"
2380,On Your Screen. 
2381,New Delhi / Maharajganj UP
2382,"Bulandshahr, u.p, India"
2383,Indus India
2384,Mumbai West 
2385,‡§ï‡§æ‡§∏‡§ó‡§Ç‡§ú ‡§â‡§§‡•ç‡§§‡§∞ ‡§™‡•ç‡§∞‡§¶‡•á‡§∂ ‡§≠‡§æ‡§∞‡§§
2386,GPS is off 
2387,New Delhi INDIA
2388,somwhere i can't be found
2389,‡§ó‡•ç‡§∞‡§æ‡§Æ‡•Ä‡§£ ‡§¨‡§ø‡§π‡§æ‡§∞
2390,New Delhi | Nainital 
2391,‡ÆÜ‡Æ¥‡Øç‡Æµ‡Ææ‡Æ∞‡Øç‡Æ™‡Øá‡Æü‡Øç‡Æü‡Øà
2392,"Bhopal , New Delhi "
2393,Latur/Delhi
2394,"Sector 82, Gurgaon"
2395,India ke Dil m
2396,Delhi/Bombay
2397,the depths of sonipat
2398,New Delhi/ Bihar/ Jharkhand
2399,"Kolkata,  India"
2400,"Bengaluru, Mumbai, New Delhi"
2401,"Kanchipuram, Tamilnadu."
2402,#SouthAsia
2403,‡§ú‡§æ‡§Æ‡§æ ‡§Æ‡§∏‡•ç‡§ú‡§ø‡§¶ ‡§ï‡•Ä ‡§™‡•Ä‡§õ‡•á ‡§µ‡§æ‡§≤‡•Ä ‡§ó‡§≤‡•Ä 
2404,SAHARSA
2405,"ayodhya,india"
2406,Varanasi-J&K-Lucknow
2407,"chennai,India"
2408,"‡§¶‡§ø‡§≤‡•ç‡§≤‡•Ä,"
2409,Delhi/Rio
2410,chakrata
2411,"Ajmer, India"
2412,"Davenport, IA"
2413,"Jind, India"
2414,Chicago
2415,"Delhi,Meerut, MZN, ‡§Æ‡•ã‡§¶‡•Ä‡§Æ‡§Ø ‡§≠‡§æ‡§∞‡§§"
2416,"Saharanpur (West UP), India"
2417,"Turin, Piedmont"
2418,"Shimla, HP  INDIA"
2419,Sultanpur  UP India
2420,"Uttaranchal, India"
2421,‡§Æ‡•Å‡•õ‡§´‡•ç‡§´‡§∞‡§™‡•Å‡§∞- ‡§Æ‡•Å‡§Ç‡§¨‡§à
2422,STUDIO PHOTOGRAPHER 
2423,Bang
2424,"Thanjavur, India"
2425,Hyderabad/Bengaluru sandulalla
2426,"Surjannager, Moradabad, 244602"
2427,Mumbai (From Bihar)
2428,"West Bengal, "
2429,/home/Bharat
2430,'‡§π‡§Æ ‡§≠‡§æ‡§∞‡§§ ‡§ï‡•á ‡§≤‡•ã‡§ó'
2431,"Mohali, India"
2432,scenery
2433,"NCR, India"
2434,Noida/Ajmer
2435,"‡§∏‡§ø‡§Ç‡§ó‡§æ‡§™‡•Å‡§∞, ‡§≠‡§æ‡§∞‡§§"
2436,"Karol Bagh, New Delhi"
2437,Democratic India
2438,Jim Corbett National Park
2439,Bombay Till I Die! 
2440,Jaipur india
2441,"New Delhi, Bharat"
2442,2
2443,Aruppukottai
2444,Hindu Republic of India
2445,"Darya ganj, delhi"
2446,"TamilNadu, India"
2447,BigBangWorld
2448,‡≤¨‡≥Ü‡≤Ç‡≤ó‡≤≥‡≥Ç‡≤∞‡≥Å 
2449,Europa league
2450,India - Bharat - Hindustan
2451,New Delhi/Kathmandu/Kapilvastu
2452,Arrakis
2453,Gurugram 
2454,"calicut,india"
2455,‡§§‡§®‡•ç‡§π‡§æ‡§à ‡§Æ‡•á‡§Ç...
2456,"Jalore,Rajasthan"
2457,"Bihar,jharkhand"
2458,Hyderabad Deccan Telangana 
2459,Twitter world
2460,Republic of Wadiya 
2461,India/UK/Bharat Rakshak
2462,Srinagar 
2463,jamnagar gujarat
2464,"25.251692,55.304635"
2465,Manipal | Singapore
2466,Northeast India
2467,"Azamgarh, India"
2468,"Bahadurgarh,India"
2469,"√úT: 28.634087,77.364264"
2470,"Andhra Pradesh, India"
2471,Delhi se 
2472,finding self home
2473,"‡§¨‡§∞‡•á‡§≤‡•Ä ‡§â‡§§‡•ç‡§§‡§∞ ‡§™‡•ç‡§∞‡§¶‡•á‡§∂, ‡§≠‡§æ‡§∞‡§§"
2474,"Auckland, New Zealand"
2475,Cochin
2476,"√úT: 28.496807,77.091135"
2477,‡§∞‡§Ç‡§ó ‡§¨‡§ø‡§∞‡§Ç‡§ó‡•á ‡§µ‡§π‡§Æ
2478,Tardis
2479,Visakhapatnam.
2480,"Nellore, India"
2481,"Noida, New Delhi NCR"
2482,"Hisar, Haryana"
2483,"Vaishali, Ghaziabad"
2484,Jumlanagar
2485,"Palo Alto, CA"
2486,Sitapur/ Lucknow Uttar Pradesh
2487,Kurukshetra
2488,Heart of india(Delhi)
2489,Technology
2490,"Secunderabad, Hyderabad"
2491,"Bengaluru South, Karnataka"
2492,"Jaipur, India "
2493,Midgard
2494,"Patna, Bihar India"
2495,Non resident Bihari in Delhi
2496,"5 A, Raisina Road, New Delhi"
2497,"Phoenix, AZ"
2498,Pune/Kashmir
2499,#US #AP #TS #KA #India
2500,edinburgh
2501,apartheid state - India
2502,New Delhi | Hyderabad
2503,Online Only
2504,patna 
2505,Dubai-UAE / Mumbai-India
2506,The pathless land.
2507,"New York City, New York USA"
2508,Zenn-La
2509,planet earth
2510,"Scotland, UK - Groningen, NL"
2511,EARTH
2512,"Bath, UK"
2513,"Mason, OH"
2514,"Chicago, IL (South Side)"
2515,"Lotwara, Bandikui "
2516,"Wakefield, England"
2517,2 Ncondo Ridgeside Umhlanga 
2518,Ground zero
2519,"India, IG: Grouchy_Indian"
2520,Dar-ul-Harb
2521,India Karnataka
2522,FREEDOM
2523,Location: EARTH
2524,Asilpur meerut
2525,faizabad
2526,"West Bengal,India"
2527,chennai-INDIA 
2528,"Madhya Pradesh,India"
2529,ngal
2530,Mother Earth
2531,"From Hassan, Now in Bengaluru"
2532,"Delhi, india."
2533,"Beverley, United Kingdom"
2534,JAIPUR
2535,"Chatra, India"
2536,"‡™ó‡´Å‡™ú‡™∞‡™æ‡™§, ‡§≠‡§æ‡§∞‡§§"
2537,Republic of the Philippines
2538,"Kalyan Dombivali, India"
2539,¬°N m¬• o‚Ç©n dR‚Ç¨AM ‚Ç©‚ô°Rld
2540, india
2541,"Jeddah,Mannarkkad,sk puram.."
2542,"Chennai, Earth 1610"
2543,"Sawai Madhopur, India"
2544,Wherever my phone is.
2545,"Jabalpur, Mp"
2546,"‡§ó‡•Å‡§ú‡§∞‡§æ‡§§, ‡§≠‡§æ‡§∞‡§§ "
2547,bharatvarsh
2548,"‡§≠‡§æ‡§∞‡§§‡§µ‡§∞‡•ç‡§∑ , ‡§ó‡§Ø‡§æ"
2549,‡§ú‡§Ø‡§™‡•Å‡§∞  
2550,‡§µ‡•â‡§∞‡•ç‡§°‡§® ‡§∞‡•ã‡§° Mumbai / Mangaluru 
2551,somewhere only we know
2552,new Delhi
2553,Occupied Lenape territory
2554,"Anand, India"
2555,"‡Æï‡Øä‡Æü‡Øç‡Æü‡Ææ‡ÆÆ‡Øç‡Æ™‡Æü‡Øç‡Æü‡Æø, ‡ÆÆ‡Æ§‡ØÅ‡Æ∞‡Øà‡Æï‡Øç‡Æï‡Ææ‡Æ∞‡Æ©‡Øç"
2556,"Mumbai, Maharashtra , India"
2557,Entire cosmos
2558,"VALSAD, GUJARAT, INDIA"
2559,"‡§§‡•Ä‡§∞‡•ç‡§•‡§∞‡§æ‡§ú ""‡§™‡•ç‡§∞‡§Ø‡§æ‡§ó‡§∞‡§æ‡§ú"""
2560,"(Varanasi),Delhi, Mumbai,India"
2561,kakori
2562,@Pawan Kalyan ‡∞Ö‡∞°‡±Å‡∞ó‡±Å‡∞ú‡∞æ‡∞°‡∞≤‡±ç‡∞≤‡±ã
2563,"New Delhi , India "
2564,Location Independent
2565,"Noida Sector 31, Noida"
2566,Mumbai/Delhi/Hyderabad
2567,"Aurangabad, Maharashtra, India"
2568,"Hyderabad, India "
2569,"ùêÄùê•ùê∞ùêöùê´, ùêâùêöùê¢ùê©ùêÆùê´ RAJ."
2570,"‡§Ö‡§Ç‡§ß‡•á‡§∞‡§ó‡§∞‡•ç‡§¶‡•Ä ‡§π‡•à ‡§¨‡•Ä‡§ú‡•á‡§™‡•Ä ‡§∞‡§æ‡§ú ‡§Æ‡•á‡§Ç,,"
2571,Where I'M meant to be ..
2572,Who Cares
2573,Columbus Ohio
2574,Delhi / Shirdi
2575,Near to Humanity
2576,DC / Mid-Ohio Valley
2577,Paris old EU
2578,New England 
2579,Where sport happens.
2580,"Amethi, India"
2581,MP .INDIA
2582,"‡§™‡§ü‡§®‡§æ,‡§¨‡§ø‡§π‡§æ‡§∞."
2583,SultanMeraki.com
2584,"Mumbai, Maharashtra, India"
2585,"Hyderabad, India. (from ‡∞∂‡±ç‡∞∞‡±Ä‡∞ï‡∞æ"
2586,Somewhere in 'India'
2587,Secure 
2588,kannur
2589,"Ahmadabad City, Gujarat, india"
2590,"Mumbai, New Delhi"
2591,"Odisha, Bharat"
2592,village kakra muradnagr
2593,"KhairƒÅgarh, Chhattƒ´sgarh."
2594,Tamkuhiraj (up )¬†‚úà Bhopal (mp)
2595, ‡§á‡§≤‡§æ‡§π‡§æ‡§¨‡§æ‡§¶ ‡§≠‡§æ‡§∞‡§§ 
2596,Global 
2597,"Patna, bihar"
2598,Mumbai I India
2599,Patna/Delhi/London
2600,Ghar
2601,On the edge of the oblivion.
2602,Bangalore India
2603,"India, USA[+19176072915], SA"
2604,0100101001000100011111
2605,Baltimore & Paris
2606,Dumada Pisangan Ajmer 
2607,Georgia
2608,Êæ≥ÈñÄ
2609,Maharashtra
2610,"Pune, Maharashtra, India "
2611,Ghanta ghar
2612,india rajasthan jaipur
2613,Kailaasaa 
2614,"Bangalore, Delhi, Mumbai, Chennai, Hyderabad"
2615,"chohtan,barmer, rajsthan."
2616,"Espanola, New Mexico USA"
2617,University College London
2618,"Niagara, Ontario"
2619,Bahrain
2620,Czech Republic
2621,NYC
2622,"  patna ‡§¨‡§ø‡§π‡§æ‡§∞, ‡§≠‡§æ‡§∞‡§§"
2623,Identity crisis
2624,Pulkitstan
2625,Navi Dilli
2626,Anywhere and Everywhere!
2627,‡§™‡•ç‡§∞‡§Ø
2628,"Warrington, UK"
2629,#ImpeachmentTaskForce 
2630,"Rudrapur, India"
2631,"Nairobi, Kenya"
2632,Aurangabad
2633,Forest Of Albania
2634,City Of Dreams 
2635,"India, UK, Sweden, USA"
2636,New Delhi &  Jharkhand 
2637,"‡§≠‡§æ‡§∞‡§§, ‡§Æ‡§ß‡•ç‡§Ø ‡§™‡•ç‡§∞‡§¶‡•á‡§∂"
2638,"Bangalore, Mumbai, Delhi"
2639,"Hardoi, India"
2640,North of the Equator
2641,LUCKNOW
2642,Abu Dhabi
2643,Hamipur
2644,Berlin
2645,Universe of Women
2646,"Indore, Madhya Pradesh, India"
2647," Jamnagar, Gujarat, India"
2648,"Pen, India"
2649,"Malegaon, India"
2650,"20,000 residents in North Finchley promised a letter about a ""partnership board"" for it's demolition/regeneration. Pigs might fly too."
2651,"New Delhi , Gurgaon "
2652,Heisenberg's electron
2653,Kigali-Rwanda
2654,"Bonn, Jerman"
2655,"Vivek Khand, Gomati Nagar, Lucknow, Uttar Pradesh 226010. INDIA."
2656,"Indore , India."
2657,greater noida
2658,UP
2659,Nadiad | Vadodara Gujarat. IND
2660,"‡§Æ‡§π‡§æ‡§∞‡§æ‡§∑‡•ç‡§ü‡•ç‡§∞, ‡§≠‡§æ‡§∞‡§§"
2661,"India, Maharshra, Navi Mumbai"
2662,"London, England / Pune, IND"
2663,‡Æ™‡ØÇ‡ÆÆ‡Æø
2664,jalandhar
2665,JAJAPUR
2666,"Milan, Italy"
2667,California 
2668,"Kashipur, India"
2669,Magundi
2670,Mumbai & Goa
2671,surat gujrat
2672,Madras
2673,Mumbai/Chennai
2674,‡§ó‡§§‡§ø‡§Æ‡§æ‡§® ‡§∞‡§π
2675,Asansol
2676,"Munich, Bavaria"
2677,‡§≠‡§æ‡§∞‡§§‡•Ä‡§Ø
2678,koi Milne to 
2679,Patna india
2680,"Dubai, UAE"
2681,Allahabad/New Delhi/Mumbai
2682,Delhi - London -Isle of Man
2683,"Ghaziabad, Delhi,  India"
2684,‡§¶‡§ø‡§≤‡•ç‡§≤‡•Ä
2685,"Andheri East, Mumbai"
2686,en route.. 
2687,In Hell created by RSS and TMC
2688,"Narnaul,GurgaonHR"
2689,a
2690,‡§≠‡§æ‡§∞‡§§/India
2691,"Delft, Nederland"
2692,‡§≠‡§æ‡§ú‡§™‡§æ ‡§Æ‡•Å‡§ñ‡•ç‡§Ø‡§æ‡§≤‡§Ø‡•§ ‡§®‡§à ‡§¶‡§ø‡§≤‡•ç‡§≤‡•Ä‡•§
2693,Aust
2694,"New Delhi, Paris, Philadelphia"
2695,Australia
2696,"Naples, FL"
2697,narklok se do gali chodkr
2698,"Kandla, India"
2699,"Buffalo, NY"
2700,"pus, "
2701,"Howrah ,west bengal"
2702,LiepƒÅja
2703,"London, mostly."
2704,"Waterloo, Ontario"
2705,UK / Worldwide 
2706,"Jersey City, NJ"
2707, Bangalore
2708,Panipat
2709,Union Territory of J&K
2710,"Chandigarh, new delhi,india"
2711,"City Beautiful,India"
2712, mp india
2713,A
2714,"Rajnandgaon, India"
2715,"Delhi ,India"
2716,location classified
2717,bengaluru
2718,"Planet Earth, Milky Way Galaxy"
2719,"Address: Bern, Switzerland"
2720,"Milano, Italy"
2721,"Khategaon, India"
2722,Bengaluru=‡≤¨‡≥Ü‡≤Ç‡≤ó‡≤≥‡≥Ç‡≤∞‡≥Å=Bangalore
2723,"Lucknow, Azamgarh "
2724,At an endangered place-Earth
2725,Bombay | Delhi
2726,"‡§≠‡§æ‡§∞‡§§, "
2727,"Gurgaon, Mumbai"
2728,kota
2729,Jammu&kashmir and Uttarakhand 
2730,Dharti
2731,"Vikaspuri, Delhi"
2732,City of London
2733,London | Cincinnati | Singapore
2734,"jhalawar , rajasthan"
2735,Bhopal 
2736,Platform Number 5
2737,Dark side of the moon
2738,"Chennai, Tamilnadu, India"
2739,"Johannesburg, South Africa"
2740,"Lucknow, Uttar Pradesh, India "
2741,varanasi
2742,"Lucknow, Barabanki, India"
2743,New Delhi / Shimla
2744,Dooars (North Bengal)
2745,near the charging point
2746,UT Jammu & Kashmir
2747,Navi Mumbai India
2748,Delhi and across Punjab
2749,"Ministry of Health, New Delhi"
2750,fairway.node.package
2751,Aukaat Mein
2752,www.aditigovitrikar.com
2753,"Ooty, India"
2754,Jodhpur Rajasthan
2755,"Abu Dhabi, UAE"
2756,Southern California
2757,"Srinagar, Kashmir"
2758,"Surrey, British Columbia"
2759,Bikaner(Rajasthan)
2760,"Dublin City, Ireland"
2761,"Chapra,Bihar,India"
2762,"India , ‡§π‡§ø‡§Ç‡§¶‡•Å‡§∏‡•ç‡§§‡§æ‡§® ,"
2763,"Jaipur, Rajasthan, India"
2764,"Berhampur Housingboard Colony,"
2765,Citizen of the world
2766,"29.0167¬∞ N, 77.3833¬∞ E"
2767,‡§Ü‡§∞‡•ç‡§Ø‡§æ‡§µ‡§§
2768,Bhopal (Madhya Pradesh) INDIA
2769,Thanjavur
2770,"shalimar bagh , New Delhi"
2771,"Mandi, India"
2772,‡§∞‡§£‡•ã‡§Ç ‡§Æ‡•á
2773,"Bhopal, Madhya Pradesh, India"
2774,New Yor
2775,India and the U.S.
2776,Great Britain
2777,Mumbai/India
2778,"Kannauj, Uttar Pradesh, India"
2779,"PURNEA,BIHAR"
2780,baghsara west
2781,"Hyderabad, India, Telangana"
2782,Truly on Earth 
2783,"Saifai, Etawah (India)"
2784,"Mumbai, Bom bae, London"
2785,"Lucknow, Uttar Pradesh"
2786,"Seohara, India"
2787,Lakhimpur Kheri
2788,"Ramakrishna Puram, New Delhi"
2789,"Kodagu, Karnataka, India"
2790,"Rolla, Sharjah, UAE"
2791,"Belgorod, Russia"
2792,"Mhow-Indore, Madhya Pradesh"
2793,"Delhi, Noida India"
2794,"Delhi & Mumbai, India"
2795,London and Bangalore
2796,Brahmaloka.
2797,"Abu Dhabi, United Arab Emirates"
2798,‡§Æ‡§ø‡§•‡§ø‡§≤‡§æ
2799,Allahabad  ~ Tirupur 
2800,"‡§¶‡•á‡§µ‡§∞‡§ø‡§Ø‡§æ,‡§â‡§§‡•ç‡§§‡§∞ ‡§™‡•ç‡§∞‡§¶‡•á‡§∂,‡§≠‡§æ‡§∞‡§§‡•§"
2801,San Francisco Bay Area
2802,"Pune,Cuttack,Salipur,Odasingh,"
2803,Delhi/Ncr
2804,‡§¨‡•á‡§ò‡§∞ ‡§π‡•Ç ‡§ï‡•ã‡§à ‡§Ö‡§™‡§®‡•á ‡§¶‡§ø‡§≤ ‡§Æ‡•á‡§Ç ‡§∞‡§ñ‡§≤‡•ã
2805,Kalmeshwar Nagpur
2806,In Search of Home
2807,Manipal
2808,somewhere on earth 
2809,Bombay Meri Jaan 
2810,"Peterborough, Ontario"
2811,"Nashik, India"
2812,"Canada, India, USA"
2813,A bit of wherever I've been 
2814,"Bihar ,India "
2815,Turned Off
2816,"Thiruvananthapuram, Kerala, In"
2817,hearts of my friends
2818,"Rae Bareily, India ¬†‚úàÔ∏è Bharuch"
2819,Gujarat ¬†‚û°Ô∏è Maharashtra 
2820,Veooz Labs Ltd.
2821,"Chicago, US"
2822, Punjab India
2823,"Ahmedabad,Gujarat,India"
2824,Between the lines‚Ä¶...
2825,"Madha, india."
2826,Erode
2827,"New Delhi, Delhi India"
2828,nowhere 
2829,"lucknow, INDIA "
2830,"Rajkot, Gujarat, India"
2831,katni.MP. India
2832,"Sector 142, Noida"
2833,mysore
2834,DELHI-DUBAI-NEW YORK
2835,http://127.0.0.1
2836,"budhwara,ajmer"
2837,Bharatbhumi 
2838,"Newfoundland and Labrador, Can"
2839,"Noida,India"
2840,Sweden/Melbourne/Bangalore
2841,bhubaneswar
2842,"Delhi, Mumbai "
2843,"Jodhpur,Rajasthan, India"
2844,Malana
2845,"Hollywood, Los Angeles"
2846,"Pune,India"
2847,shatruvula gundello
2848,Chaand pe hai apun
2849,SILCHAR
2850,Odisha India
2851,‡§π‡§ø‡§®‡•ç‡§¶‡•Å‡§∏‡•ç‡§§‡§æ‡§® ‡§ï‡•á ‡§¶‡§ø‡§≤ ‡§Æ‡•á‡§Ç
2852,realparvezsharma on instagram and parvez hussein sharma on fb
2853,"India ,Tamilnadu ,Salem"
2854,Outside Comfort Zone
2855,"Beijing, China"
2856,"sirsa, India"
2857,"Washington, DC, USA"
2858,"New Haven, CT"
2859,Durg Chhattisgarh
2860,"‡§∏‡•á‡§ï‡•ç‡§ü‡§∞ 14 ‡§™‡§Ç‡§ú‡§æ‡§¨ ‡§µ‡§ø‡§∂‡•ç‡§µ‡§µ‡§ø‡§¶‡•ç‡§Ø‡§æ‡§≤‡§Ø,"
2861,New Delhi ‡•§ India
2862,DEL-LKO
2863,"Comox Valley, BC"
2864,Bharat ! ‡§§‡§§‡§É ‡§ï‡§ø‡§Æ‡•ç 
2865,why?
2866,"fort area, mumbai"
2867,Bhopal Madhya Pradesh
2868,"India, UP"
2869,Surat
2870,gujarat
2871,Neemuch 
2872,Mumbai wen not globetrotting 
2873,patna
2874,"Gurdaspur, Panjab"
2875,"Bangalore, Karnataka, India"
2876,"India, Planet Earth"
2877,"Vista, CA"
2878,"U.P , Kanpur"
2879,"Chennai,Tirunelveli "
2880,bilaspur chhatisgarh
2881,"Delhi , bangalore "
2882,"HYDERABAD, (Bhagya-Nagaram)"
2883,"Anand, Gujarat"
2884,new delhi 
2885,BHOPAL INDIA
2886,‡§≠‡§æ‡§∞‡§§ (I
2887,"Thiruvananthapuram,Kerala"
2888,"Rewari, India"
2889,"Bhadohi, India"
2890,"VNS , India"
2891,#MumbaiMeriJaan
2892,Nimach *‡§≠‡§æ‡§∞‡§§*
2893,Siliguri+West Bengal+India
2894,Kya karoge jaan kar? 
2895,"Luni Jodhpur, Rajasthan"
2896,"Gurgaon, India & Nagour (Raj)"
2897,"New delhi, India"
2898,"Tamkuhiraj, Noida, New Delhi, "
2899,Wanderlust 
2900,Hyderabad India‚Äã
2901,"Chhapra, Bihar, India"
2902,‡§™‡•Ç‡§∞‡§æ ‡§≠‡§æ‡§∞‡§§ ‡§π‡•Ä ‡§π‡§Æ‡§æ
2903,Great Mallu Land
2904,"Baliyasan, Mehasana, Gujarat"
2905,Newdelhi
2906,chennai_600021
2907,"Allahabad, India "
2908,"India , kerala"
2909,‡§™‡•Å‡§£‡•á
2910,Chamba(Himachal pradesh)
2911,Thiruvananthapuram
2912,Bharath (India)
2913,"Chennai,TamilNadu,India"
2914,"Madurai,Sivaganga,Tamilnadu IN"
2915,‡§π‡§ø‡§®‡•ç‡§¶‡•Å
2916,Lost in a sea of pa
2917,"‡§™‡§æ‡§ü‡§≤‡§ø‡§™‡•Å‡§§‡•ç‡§∞,‡§Æ‡§ó‡§ß,‡§≠‡§æ‡§∞‡§§‡§µ‡§∞‡•ç‡§∑"
2918,Shimoga
2919,"Harda, Madhyapradesh  India"
2920,"Kuala Lumpur, Malaysia"
2921,"Burdman, W.B"
2922,Air
2923,Bangalore/Dehradun
2924,El Dorado 
2925,‡§∞‡§æ‡§∑‡•ç‡§ü‡•ç‡§∞‡•Ä‡§Ø ‡§∞‡§æ‡§ú‡§ß‡§æ‡§®‡•Ä ‡§ï‡•ç‡§∑‡•á‡§§‡•ç‡§∞
2926,‡§≠‡§æ‡§∞‡§§ (‡§¨‡•Å‡§Ç‡§¶‡•á‡§≤
2927,"Ahmedabad n Kutch ,"
2928,UT of Jammu & K
2929,"bangalore, mangaluru"
2930,‡§á‡§Ç‡§°‡§ø‡§Ø‡§æ
2931,"Dahod, Gujarat, India"
2932,"Toronto, Ontario | New Delhi, India"
2933,"Tehri Garhwal,Uttarakhand"
2934,Nazistan
2935,Somewhere On Earth
2936,Indore.journalist
2937," Badlpur Jaunpur, India"
2938,"Asansol, India"
2939,"vadodara ,Gujarat, India"
2940,"Kushinagar, India"
2941,"Hyderabad,Tela"
2942,"Uttarakhand,India"
2943,‡§â‡§§‡•ç‡§§‡§∞ ‡§™‡•ç‡§∞‡§¶‡•á‡§∂ 
2944,"Colombo, Sri lanka"
2945,India.     
2946,parallel Universe
2947,Singapore / New Delhi
2948,"Colombo, Sri Lanka"
2949,"Jaipur,Rajasthan"
2950,"IN, SG, PH, ID, BR"
2951,‡§è‡§ï ‡§≠‡§æ‡§∞‡§§ ‡§∂‡•ç‡§∞‡•á‡§∑‡•ç‡§†
2952,Mood
2953,Prayagraj to Rajkot
2954,Lucknow India
2955,"Ranchi, Jharkhand"
2956,"indore, india"
2957,"New Delhi,INDIA"
2958,‡§™‡§®‡§ö‡§∞ ‡§µ‡§æ‡§≤‡•Ä ‡§ó‡§≤‡•Ä
2959,"Aligarh, India"
2960,"Sec14, Rohini, New Delhi"
2961,Tweets on #Asia & USA  
2962,home is every where
2963,"Mars, Solar system"
2964,"A-78, Sector-49, Noida"
2965,‡§™‡•å‡§°‡§º‡•Ä ‡§ó‡§¢‡§º‡§µ‡§æ‡§≤ ‡§µ‡§æ‡§≤‡•á
2966,Here!
2967,HISAR
2968,"JH Capital Ranchi,India"
2969,"‡§ï‡§≤‡§ø‡§Ø‡§∞ ‡§∂‡§∞‡•Ä‡§´,‡§π‡§∞‡§ø‡§¶‡•ç‡§µ‡§æ‡§∞ ‡§∞‡•Å‡§°‡§ï‡•Ä ‡§≠‡§æ‡§∞‡§§"
2970,Hyderbad
2971,Srinagar Jammu and Kashmir 
2972,‡§ú‡§Ø‡§™‡•Å‡§∞ ‡§∞‡§æ‡§ú‡§∏‡•ç‡§•‡§æ‡§®
2973,‡Æ§‡ÆÆ‡Æø‡Æ¥‡Øç‡Æ®‡Ææ‡Æü‡ØÅ 
2974,"‡§Æ‡•Å‡§Ç‡§¨‡•ç‡§∞‡§æ, ‡§®‡§µ‡•Ä ‡§Æ‡•Å‡§Ç‡§¨‡§à"
2975,muzaffarnagar
2976,"Dilli,Manipur,Northeast India"
2977,bhaad me
2978,"Tampa, Fl"
2979,Pendra Road India
2980,"Nilgiris, India"
2981,"Allahabad,India"
2982,"Hyderabad and Delhi, India"
2983,New Delhi : India
2984,‡§Ø‡§π‡§æ‡§Å ‡§™‡§∞ 
2985,Coimbatore ‚àö
2986,"Balochistan , Pakistan"
2987,Rajapalayam
2988,Muzaffarnagar
2989,Hazaribag
2990,Palanpur
2991,All Across India
2992,Nainital Uttarakhand 
2993,CONGRESS WORKER INC 
2994,Mirzapur
2995,"Lower Parel, Mumbai"
2996,New Delhi/Calcutta/Patna
2997,Pulwama Kashmir 
2998,Pune & Aamchi Mumbai
2999,Parliament of India
3000,Doha 
3001,Hyderabad India 
3002,"Sirohi,Rajasthan"
3003,Kumari Nadu - 9000 BCE 
3004,VASAI
3005,"Qu√©bec, C"
3006,Nagpur/Delhi/Bombay
3007,"Ambedkarnagar, Uttar Pradesh"
3008,"7th Floor, Brilliant Platina, Plot No. 8, Scheme No. 78, Part-2, Behind Life Care Hospital Indore, India"
3009,Nawada ballia 
3010,delhi ncr 
3011,#India
3012,"Santha, "
3013,Nashik Road
3014,"Nohar, Rajasthan, India"
3015,"√úT: -1.900612,116.191474"
3016,New Delhi & Mumbai
3017,New Delhi - 15 India
3018,Trichur
3019,Greater noida
3020,Mannuthy
3021,"Gopalganj, Nagpur"
3022,barabanki
3023,"Mettupalayam, Chennai"
3024,"Pondicherry, India"
3025,"Naranya, Pachore, India 465683"
3026,indian occupied kashmir
3027,humanity
3028,"Gurgaon , Haryana "
3029,A tale of many cities.
3030," Lucknow/New Delhi, India"
3031,East Coast of SL
3032,"‡§≠‡§æ‡§∞‡§§, India"
3033,"Kalaburgi & Bengaluru, INDIA"
3034,"Deoria, India"
3035,Last seen in Mumbai
3036,"SINSINI, DEEG, BHARATPUR"
3037,"Puducherry, India ."
3038,indore
3039,"Bengaluru , India"
3040,"Jamshedpur, Jharkhand"
3041,secunderabad
3042,"Nashik, India-Pr"
3043,"Mandya, India"
3044,Kolkata / Jaipur / India
3045,Singapore¬†üè† | 
3046,"Chennai, Tamilnadu"
3047,"IIT Roorkee, India"
3048,"Dehli, from #Supaul, Bihar"
3049,Nights Watch
3050,EU
3051,"Raipur,Chattisgarh"
3052,"Uttarakhand, India"
3053,Pehli Fursat Mein Follow Karde
3054,"Hajipur, India"
3055,"Panun Kashmir , India"
3056,"India, Pune"
3057,East Champaran
3058,"Ghaziabad, And a proud INDIAN"
3059,MADRAS
3060,"Una, Himachal Pradesh"
3061,Janjgir champa 
3062,Madras (divorced from Delhi)
3063,Somewhere in Universe
3064,‡Æö‡Øã‡Æ¥‡Æ§‡Øá‡Æö‡ÆÆ‡Øç
3065,Underground
3066,"Australia, New Zealand, USA"
3067,..
3068,Chai ke aas paas
3069,"Bangalore ,India "
3070,Nigeria
3071,Currently on Earth
3072,"Rohtak, India"
3073,bihar india
3074,"Pune, Maharashtra"
3075,London - New York
3076,India (‡§≠‡§æ‡§∞‡§§)
3077,"Kurnool, India"
3078,#Bhubaneswar #Odisha #India 
3079,"Goregaon, Mumbai"
3080,Mumbai/Indore.
3081,"India, raipur."
3082,‡≤∏‡≥ç‡≤•‡≤æ‡≤µ‡≤∞‡≤ï‡≥ç‡≤ï‡≤≥‡≤ø‡≤µ‡≥Å‡≤Ç‡≤ü‡≥Å ‡≤ú‡≤Ç‡≤ó‡≤Æ‡≤ï‡≥ç‡≤ï‡≤≥‡≤ø‡≤µ‡≤ø‡≤≤‡≥ç
3083,meerut (U.P.)
3084,"Gandhidham, India"
3085,"√úT: 28.638433,77.178618"
3086,Lost in haze
3087,Bombaj
3088,"Bikaner, India"
3089,"Gurugram, Mumbai, Jodhpur"
3090,kerala
3091,"Dr. Mukherjee Nagar, New Delhi"
3092,"Houston, TX, USA"
3093,deesa gujarat
3094,Visakhapatnam
3095,raipur
3096,Odisa 
3097,"‡§¨‡§ø‡§π‡§æ‡§∞, ‡§≠‡§æ‡§∞‡§§"
3098,"Mumbai, Maharashtra India"
3099,Jeddah Saudi Busniess Center
3100,Kanpur/Mumbai
3101,"Thoothukudi,India"
3102,vizag
3103,"JLN Marg, Jaipur, Rajasthan"
3104,jabalpur
3105,Construction Site
3106,Pune | Dehradun | Mumbai
3107,"‡§ï‡§ü‡§ï, ‡§≠‡§æ‡§∞‡§§"
3108,"Gwalior, Hyderabad, Bangalore"
3109,"New York, New York"
3110,"Subhash Nagar, New Delhi"
3111,Twitter abyss
3112,Anand
3113,"New Delhi, india "
3114,"Kolkata, India (Calcutta)"
3115,"South Extn, New Delhi"
3116,World heart
3117,Ludhiana
3118,Highgarden¬†üíÆ of
3119,"Ghaziabad, UP, India"
3120,(kalinga/utkala/odisha)-Bharat
3121,Kaha Bhi
3122,C-12 Sec 63 Noida #01204542143
3123,"South Mumbai, India"
3124,BOMBAY
3125,United States 
3126,Bhojuveer Varanasi U.P.
3127,Barabanki UP
3128,India-Mumbai
3129,"‡§Æ‡•Å‡§Ç‡§¨‡§à, ‡§≠‡§æ‡§∞‡§§ "
3130,"Bhuj,India"
3131,Manila
3132,New Delhi-Motihari-E.Champaran
3133,Searching a Destination.
3134,"New delhi, INDIA"
3135,nainital india
3136,"Delhi,Meerut"
3137,"PRABHADEVI, MUMBAI"
3138,Wherever I May Roam
3139,Muy MUy Lejano
3140,New Delhi/Gorakhpur/India
3141,The Republic of Offendia
3142,"Jamnagar, Delhi, Gandhinagar"
3143,"A-71. Sector-50, Noida, India"
3144,‡§∞‡§æ‡§Æ‡§™‡•Å‡§∞ ‡§®‡•à‡§ï‡§ø‡§® ‡§ú‡§ø‡§≤‡§æ ‡§∏‡•Ä‡§ß‡•Ä (MP)
3145,"North Block, New Delhi"
3146,Lemuria
3147,"New Delhi & Mumbai, India"
3148,"Noida, Ram Rajya"
3149,new delhi india
3150,Travel Across India & Report
3151,"Mohali, Punjab"
3152,San Junipero
3153,"Kutch, INDIA"
3154,Mohali
3155,Darjeeling
3156,‡§Ü‡§∞‡•ç‡§Ø‡§µ‡§∞‡•ç‡§§
3157,ML88op
3158,"‡§ú‡§Æ‡§∂‡•á‡§¶‡§™‡•Å‡§∞, ‡§≠‡§æ‡§∞‡§§„Äê‡§¶‡§ø‡§≤‡•ç‡§≤‡•Ä ‡§ï‡§æ‡§∞‡•ç‡§Ø‡§∞‡§§„Äë"
3159,Land of Hinduism & Vedas
3160,"GZB, NDLS, MZN, INDB"
3161,Ponda Goa
3162,"15 Yemen Road, Yemen"
3163,"Mysuru, Karnataka, India"
3164,PUNE India
3165,Canada / India
3166,Bhaad mein
3167,Why Do You Want
3168,"Bolton,England/Jiangsu,China"
3169,Gauchar
3170,"Delhi, Faridabad, India"
3171,New Delhi. Bhubaneswar. Gaya
3172,"‡§∂‡•á‡§ñ‡§™‡•Å‡§∞‡§æ, ‡§≠‡§æ‡§∞‡§§"
3173,"Sialkot, Pakistan"
3174,‡§∞‡§æ‡§ú‡§∏‡•ç‡§•‡§æ‡§® 
3175,Delhi/Punjab/Haryana/West U.P
3176,Bhatia
3177,"Begusarai, Bihar ¬†üîÅ New Delhi"
3178,‡§Æ‡§ß‡•Å‡§∂‡§æ‡§≤‡§æ 
3179,West of Westeros
3180,Gurgaon ~ world
3181,Dari Dharmshala ( Kangra ) 
3182,Auckland
3183,"shahdara Delhi, India"
3184,Flight mode
3185,Down 2 Earth
3186,Arriving
3187,Bermuda Triangle 
3188,"*Disclaimer: Has NO relation to Right wing Nonsense, Neither to Left, Top, Center !"
3189,"SurƒÅshtr,BhƒÅrat"
3190,"Wahi jaha koi, aata jata nahi."
3191,NEW INDIA
3192,"Bokajan,karbi anglong. Assam. "
3193,"B-7, Sector-2, Noida, India"
3194,OmniPresent
3195,"DELHI, INDIA"
3196,"Gurgaon , Rohtak"
3197,Suncity ¬†üåÑJodhpur
3198,Tere dil me
3199,"Muscat, Oman"
3200,indore 
3201,Most probably on a Motorcycle
3202,World I own 
3203,Noida india
3204,"Hazaribag , Jharkhand INDIA "
3205,‡¥§‡¥≤‡¥∏‡µç‡¥•‡¥æ‡µª
3206,"Jaipur Rajasthan, India"
3207,haryana india
3208,"Model Town, Delhi "
3209,Uttar Pradesh
3210,"Shillong, India"
3211,Dragonstone
3212,Rohini
3213,Searching...
3214,Navi Mumbai - Bhubaneswar
3215,New York - Delhi
3216,Neptune
3217,"28.448411,77.097108"
3218,‡§µ‡§∏‡•Å‡§ß‡•à‡§µ ‡§ï‡•Å‡§ü‡•Å‡§Æ‡•ç‡§¨‡§ï‡§Æ
3219,Kolkata | Noida
3220,Delhi|Noida|Patna
3221,Delhi NCR / Jaipur
3222,New Delhi GTB Enclave 
3223,"Silchar, Assam, India     "
3224,ahmedabad gujrat
3225,"Bangalore, India "
3226,from God's toilet
3227,"Patna, India  @akshayarmy4 "
3228,"Belgaum, INDIA"
3229,"Paud, Maharashta"
3230,jaynagar Madhubani INDIA
3231,"‡§∏‡•Å‡§≤‡•ç‡§§‡§æ‡§®‡§™‡•Å‡§∞‡•Ä, ‡§®‡§à ‡§¶‡§ø‡§≤‡•ç‡§≤‡•Ä"
3232,Not from Flat Earth
3233,"Lajwana Khurd , Haryana"
3234,"New Delhi,"
3235,‡§¶‡§ø‡§≤_‡§Æ‡•ã‡§π‡§≤‡•ç‡§≤‡§æ
3236,N 28¬∞36' 0'' / E 77¬∞5' 0''
3237,"New Delhi, INDIA "
3238,Xberg
3239,"‡§®‡§à ‡§¶‡§ø‡§≤‡•ç‡§≤‡•Ä, ‡§≠‡§æ‡§∞‡§§ "
3240,Salsette Island
3241,"Ghaziabad,Uttar pardesh"
3242,"Saket, New Delhi"
3243,"Puducherry,India"
3244,"New Delhi, South-Asia"
3245,"Polasara, Odisha, India"
3246,New Delhi / USA(in past )
3247,"Mumbai, INDIA "
3248,Neemuch
3249,"Mumbai, Delhi, Kolkata, India"
3250,"RMD,TN,India"
3251, earth
3252,Union Territory of Jammu
3253,India.Israel
3254,I have always been there!!
3255,Delhi.. Views are personal
3256,"Morena, India"
3257,New Delhi & #Uttarakhand India
3258,"Stuttgart, Deutschland"
3259,New Delhi I Dehradun 
3260,"Mohan Garden, South"
3261,"Bankura,india"
3262,everywhere on globe
3263,"Palampur, India"
3264,delhi india 
3265,Ahmadabad | Mumbai | Indore | 
3266,Switzerland
3267,"BRD medical college ,Gorakhpur"
3268,Different parts of India
3269,Old India 
3270,Allahabad |‡§™‡•ç‡§∞‡§Ø‡§æ‡§ó‡§∞‡§æ‡§ú|
3271,"Delhi, Mumbai ‡•§ ‡§¶‡§ø‡§≤‡•ç‡§≤‡•Ä, ‡§Æ‡•Å‡§Ç‡§¨‡§à"
3272,Dilli Villi
3273," PitamPura, Delhi, India"
3274,C -2 Sector 2 Noida 201310
3275,"Arumuganeri,Thiruchendur Taluk,Tuticorin District,Tamilnadu State, India."
3276,"Lajpat Nagar, Delhi, 110024"
3277,Jaipur & Chimney
3278,India / UAE
3279,"JS Arcade, Sector 18, Noida"
3280,"Gurgaon, New Delhi, India"
3281,jaipur 
3282, ‡§®‡§à ‡§¶‡§ø‡§≤‡•ç‡§≤‡•Ä || #‡§≤‡§ñ‡§®‡§ä
3283,Kutch. INDIA
3284,Inner soul
3285,Delhi | Mumbai 
3286,Bharath
3287,Mahul Azamgarh Uttar Pradesh
3288,irrational dimension
3289,‡§Ö‡§ö‡•ç‡§õ‡•Ä ‡§¨‡•Å‡§∞‡•Ä ‡§¶‡•Å‡§®‡§ø‡§Ø‡§æ 
3290,"Beirut, Lebanon"
3291,Indian Film Fraternity-Mumbai
3292,"Storrs, CT, USA"
3293,Mera Bharat Mahaan 
3294,Magical World
3295,Delhi/San Sebastian 
3296,"Durham, England"
3297,Mangalore
3298,Delhi | Ambala | Chhindwara
3299,"Eastern Hemisphere, South Asia"
3300,Siwan Bihar
3301,Mumbai+Delhi/2
3302,Hyderabad 
3303,"PrayagRaj, Uttar Pradesh, India"
3304,Kunda Pratapgarh 
3305,"Hamburg, Deutschland"
3306,Varanasi/Delhi
3307,"‡§Ö‡§∏‡§Æ,‡§≠‡§æ‡§∞‡§§"
3308,"Raipur,Chhattisgarh"
3309,Here 
3310,‡¥™‡¥æ‡¥≤‡¥ï‡µç‡¥ï‡¥æ‡¥ü‡µç‚Äå ‡¥Ü‡¥≤‡¥§‡µç‡¥§‡µÇ‡µº
3311,"New Delhi, Delhi, born 1st jan"
3312,"New Delhi, India;Nagpur, India"
3313,"Victoria, British Columbia"
3314,"New delhi, india"
3315,"Lat:35¬∞33'53.8N,Long:45¬∞25'58"
3316,‡≤Ö‡≤ñ‡≤Ç‡≤° ‡≤≠‡≤æ‡≤∞‡≤§
3317,"New Delhi, LAC"
3318,"Mount Abu, Rajasthan"
3319,Mother Nature
3320,"GuruGram, India"
3321,"Bangali Colony,Burari,Delhi"
3322,couch protestor
3323,SadaChandigarh.NammaBengaluru
3324,MIT Manipal
3325,"uttarakhand, India"
3326,Sacramento CA USA
3327,"Nashik, Maharashtra"
3328,"Chevella, Ranga Reddy District"
3329,GDL
3330,"Gopiballavpur, Kolkata, India"
3331,Dehli 
3332,In nature
3333,+91
3334,Misthaven
3335,"Gurugram, Haryana India"
3336,"‡§¶‡§ø‡§®‡§ï‡§∞‡§ú‡•Ä ‡§ï‡•Ä ‡§ß‡§∞‡§§‡•Ä,‡§¨‡§ø‡§π‡§æ‡§∞,‡§≠‡§æ‡§∞‡§§ "
3337,"Bengaluru, India & Beijing,PRC"
3338,"Raipur(CG), INDIA"
3339,Jalandhar
3340,Khan Market world
3341,"Swaroop Nagar, Kanpur, BHARAT"
3342,Kozhikode/Kochi
3343,"Jangpura, New Delhi"
3344,"Gorakhpur, New Delhi, India"
3345,New Delhi and Gwalior
3346,"Vallabh Vidhyanagar , Gujarat"
3347,"New Delhi, India (Gaya, Bihar)"
3348,"Gujrat, india"
3349,8.28 Light-minutes from a star
3350,"Aerocity, New Delhi"
3351,"Chittaurgarh, India"
3352,r-Spore-HK-KL-Bkk
3353,"Mirzapur-Vindhyachal, India"
3354," Angamaly,Ernakulam, Kerala"
3355,Parbhani Maharashtra
3356,Hyderabad-Amaravati
3357, Noida
3358,jamshedpur
3359,"Mumbai, Bharat"
3360,The Republic of India
3361,BR 01
3362,"Pune, Mumbai"
3363,", Greater Noida"
3364,"Bhosari, Pune"
3365,"Kurnool,Anantapur"
3366,India lucknow
3367,d
3368,"surat,india"
3369,‡§Ö‡§Ç‡§ó‡§æ‡§∞‡§Æ‡§≥‡§æ
3370,"Thane West, Thane"
3371,west bengal - Kanpur UP
3372,"Gorakhpur,India"
3373,"Ludhiana, "
3374,"New Delhi, INDIA."
3375,kolkata India 
3376,Delhi/ Bonn/ Tel Aviv
3377,"Gujarat, Hindustan"
3378,"Himachal 2 Punjab, India"
3379,"Gas Chamber, India"
3380,"New Delhi, India/ Muzaffarpur"
3381,aapke dil mein 
3382,"E-31, South Ex Delhi, India"
3383,Sasaram 
3384,"Imphal, Manipur."
3385,Redemption Land
3386,Scranton
3387,"‡§∏‡§Ç‡§ó‡§Æ¬†üåÖ ‡§∏‡§ø‡§ü‡•Ä,‡§™‡•ç"
3388,Sydney
3389,"B-85, Noida Sector 64"
3390,"Indore ,Madhya Pradesh"
3391,69 Regal Connaught Place
3392,Najafgarh
3393,"india ,chennai"
3394,"Nangloi, Delhi"
3395,India (New Delhi)
3396,Hyderabad.. Telangana .. india
3397,"‡§π‡§∞‡§ø‡§Ø‡§æ‡§£‡§æ, ‡§¶‡§ø‡§≤‡•ç‡§≤‡•Ä, ‡§™‡§Ç‡§ú‡§æ‡§¨ "
3398,Citi Update
3399,"Dumka, India"
3400,Triplicane
3401," Lucknow Uttar Pradesh, India"
3402,Mumbai  
3403,Vellore
3404,"Perth, Western Australia"
3405,Scaling Mountains
3406,_Œπ–∏‚àÇŒπŒ±
3407,"MSP, SFO, INDIA"
3408,"India, Jaipur"
3409,Where bar & biriyani exists
3410,"C-126,Sector-2, Noida-201301"
3411,oddanchatram
3412,Dwarka
3413,‡§Ø‡§µ‡§§‡§Æ‡§æ‡§≥
3414,Many wonderful places
3415,Bhaaratvarsh
3416,U.P. Bhadohi India
3417,Brussels 
3418,PARIS
3419,Lost World
3420,narak
3421,Zirakpur Chandigarh India
3422,Thrissur
3423,‡§≠‡§æ‡§∞‡§§ ‡§µ‡§∞‡•ç‡§∑
3424,"Vienna, Austria"
3425,Thane
3426,"Patiala, Punjab"
3427,"New delhi,india"
3428,"‡§ó‡•ã‡§∞‡§ñ‡§™‡•Å‡§∞, ‡§â‡§§‡•ç‡§§‡§∞ ‡§™‡•ç‡§∞‡§¶‡•á‡§∂ "
3429,"Almora Uttarakhand, New Delhi"
3430,"Gorakhpur,Pune,Delhi"
3431,"Calcutta, India"
3432,"Vasai, Palghar,Maharashtra"
3433,"Chennai, Tamil Nadu, India"
3434,"New Delhi, Darbhanga"
3435,"Gurgaon,Haryana,India"
3436,Heart in the hills
3437,haryana
3438,utrakhand
3439,"√úT: 19.075272,72.854772"
3440,Manchester
3441,jan kar kiya kroge 
3442,Area 51
3443,uttarakhand 
3444,"Silicon Valley, California"
3445,"Pune , India"
3446,"Mumbai & Ayodhya, India"
3447,Chd
3448,Block Chain
3449,"Bangalore,Swindon,Milwaukee"
3450,Bhayandar west
3451,"Kolkata,Hyderabad"
3452,indai
3453,"√úT: 18.955478,72.798771"
3454,"Bhilwara, (Rajasthan).  Mumbai"
3455,"LUDHIANA, Delhi, CHANDIGARH"
3456,"Patna, India "
3457,Planet with people of IDIOTS
3458,Howrah India
3459,"Bhayander West, Mumbai"
3460,BIHAR (INDIA)
3461,"Beijing, New Delhi"
3462,M√ºnchen
3463,"‡§®‡§à ‡§¶‡§ø‡§≤‡•ç‡§≤‡•Ä, ‡§™‡•ç‡§∞‡§æ‡§ö‡•Ä‡§® ‡§≠‡§æ‡§∞‡§§ india "
3464,"katihar,Bihar"
3465,Gotham City...Turin 
3466,Kashmir ‚ûî Delhi
3467,On the move: locate me on GPS
3468,"Rourkela, Odisha"
3469,"New Delhi, Gurgaon, India"
3470,"GURUGRAM, (NCR) INDIA"
3471,Mokam
3472,india delhi
3473,New Delhi/ Bangalore
3474,"Kolkata, Creative India"
3475,yahin kahin
3476,Kathmandu
3477,"Kota, Delhi"
3478,"Telangana, India"
3479,"kazipet,warangal,AP"
3480,Mexico DF.
3481,Undisclosed Location.
3482,India / Bihar
3483,"Green Bay, WI"
3484,"Punjabi Bagh, New Delhi"
3485,FromHome
3486,"Melbourne, Australia"
3487,"Vishakhapatnam, India"
3488,Leh Ladakh
3489,"San Francisco , California"
3490,"Kharghar, Navi Mumbai, Maharas"
3491,New Delhi/Haryana
3492,gorakhpur
3493,Mumbai..
3494,GURUGRAM
3495,The Sun.
3496,"Raichur, India"
3497,Beautiful Sunny California
3498,New Delhi - India
3499,All over the place
3500,"Delhi, India - Berlin, Germany"
3501,"√úT: 12.953447,77.661933"
3502,"Bangkok, Thailand"
3503,Sarvatra! World is our family
3504,Bhiwani
3505,"Jamnagar, Gujarat (INDIA)"
